General,,,,,,,,,,,,,,,Engine,,,,,,Pump,Boiler,,,,Rail,,,,Accessory
Project No,AKA,Date,Title,Notes,Original Link,Video,Sheets,Comments,Issues,Keywords,Lubrication,Height,Length,Width,Type,Orientation,Cylinders,Reverser,Bore,Stroke,,Type,Orrientation,Volume,Volume mm^3,Type,Style,Fuel,Gauge,Type
05A-08-00,, Jul 2024,HOT AIR STIRLING ENGINE (HEISSLUFTMOTOR) TO THE DESIGN OF FRANK ARBEITER,,www.modelesavapeur.com/telechargements9/05a-08.pdf,,3,,"Raster scan, not vectors. Dowsn't list bore or stroke, and I'm not sure which is the power piston",,None,120.0,126.8,90.0,Stirling,,,No,,,,,,,,,,,,
09B-50-00,, Aug 2025,1 CYLINDER NON REVERSABLE HORIZONTAL STEAM ENGINE (BORE=22mm STROKE=32mm),"THE ENGINE SHOWN ON THESE DRAWINGS ARE LOOSLY BASED ON A UNDIMENSIONED DRAWING AND PICTURES WHICH I FOUND ON THE INTERNET. THE DRAWING WAS DRAWN BY SIMON ROWLEY, AND DATED OCT-2017. NO SCALE INDICATED",www.modelesavapeur.com/mapage/09b-50-00.pdf,,3,,,,Oil cups,111.5,260.5,105.0,Valve gear,Horizontal,1,No,22,32,,,,,,,,,,
09B-51-00,, Aug 2025,2 CYLINDER NON REVERSABLE HORIZONTAL STEAM ENGINE (BORE=22mm STROKE=32mm),"THE ENGINE SHOWN ON THESE DRAWINGS ARE LOOSLY BASED ON A UNDIMENSIONED DRAWING AND PICTURES WHICH I FOUND ON THE INTERNET. THE DRAWING WAS DRAWN BY SIMON ROWLEY, AND DATED JUNE-2018. NO SCALE INDICATED.",www.modelesavapeur.com/mapage/09b-51-00.pdf,,3,,,,Oil points,123.5,166.0,260.5,Valve gear,Horizontal,2,No,22,32,,,,,,,,,,
09C-64-00,, Dec 2024,"A VERTICAL STEAM ENGINE, REVERSABLE, CALLED ""KACIO LS1-14"" (B=30mm S=34mm)","THE ENGINE SHOWN ON MY DRAWINGS IS LOOSELY BASED ON DRAWINGS WHICH I FOUND ON THE INTERNET. THE ORIGINAL DRAWING DID NOT HAVE THE AUTHOR, DRAFTER, DATE, BORDER AND TITLE. ON THE VALVE CHEST COVER THE FOLLOWING ENGRAVING: ""KACIO LS1-14"".",www.modelesavapeur.com/telechargements8/a-vertcal-steam-engine-reversible-called-kacio-ls1-14.pdf,,4,1 cylinder variant of 09C-64-01,,,"Displacement lubricator, 1 oil cup feeding the column, 2 oil cups for the crankshaft, oil points",259.0,208.4,168.5,Valve gear,Vertical,1,Yes,30,34,,,,,,,,,,
09C-64-01,, Apr 2025,"A VERTICAL STEAM ENGINE, REVERSABLE, CALLED ""KACIO LS2-14"" (B=30mm S=34mm)","THE ENGINE SHOWN ON MY DRAWINGS IS LOOSELY BASED ON DRAWINGS WHICH I FOUND ON THE INTERNET. THE ORIGINAL DRAWING DID NOT HAVE THE AUTHOR, DRAFTER, DATE, BORDER AND TITLE. ON THE VALVE CHEST COVER THE FOLLOWING ENGRAVING: ""KACIO LS2-14"".",www.modelesavapeur.com/telechargements1/09c-64-01-fichier.pdf,,5,2 cylinder variant of 09C-64-00. Similar to 09C-75-00-1,,,"Displacement lubricator, 2 oil cups feeding the columns, 3 oil cups for the crankshaft, oil points",259.0,251.5,205.0,Valve gear,Vertical,2,Yes,30,34,,,,,,,,,,
09C-71-00,, Aug 2025,1 CYLINDER NON REVERSABLE VERTICAL STEAM ENGINE (BORE=22mm STROKE=32mm),"THE ENGINE SHOWN ON THESE DRAWINGS ARE LOOSLY BASED ON A UNDIMENSIONED DRAWING AND PICTURES WHICH I FOUND ON THE INTERNET. THE DRAWING WAS DRAWN BY SIMON ROWLEY, AND DATED SEPT-2018. NO SCALE INDICATED.",www.modelesavapeur.com/mapage/09c-71-00.pdf,,3,,,,Oil points,257.0,120.0,103.4,Valve gear,Vertical,3,No,22,32,,,,,,,,,,
09C-72-00,, Aug 2025,1 CYL. VERT. STM. ENG. USING REULEAUX'S TRAPEZIUM CON-ROD (B=30mm/S=52mm),"THE ENGINE SHOWN ON THESE DRAWINGS ARE LOOSLY BASED ON SOME DRAWINGS WHICH I FOUND ON THE INTERNET. THE DRAWINGS AND ARTICLES WERE PUBLISHED IN ""ENGINEERING IN MINIATURE"" MAGAZINE DATED 1997 UNDER THE TITLE ""REULEAUX'S TRAPEZIUM CONNECTING ROD ENGINE"". THE DESIGN AND DESCRIPTION WERE BY ANTHONY MOUNT.",www.modelesavapeur.com/mapage/09c-72-00.pdf,,6,,,Trapezium,"2 oil cups for the crankshaft, oil points",395.5,370.0,240.0,Valve gear,Vertical,1,No,30,52,,,,,,,,,,
09C-73-00,, Aug 2025,2 CYLINDER NON REVERSABLE VERTICAL STEAM ENGINE (BORE=22mm STROKE=32mm),"THE ENGINE SHOWN ON THESE DRAWINGS ARE LOOSLY BASED ON A UNDIMENSIONED DRAWING AND PICTURES WHICH I FOUND ON THE INTERNET. THE DRAWING WAS DRAWN BY SIMON ROWLEY, AND DATED SEPT-2018. NO SCALE INDICATED.",www.modelesavapeur.com/mapage/09c-73-00.pdf,,3,,,,Oil points,249.0,120.0,112.0,Valve gear,Vertical,2,No,22,32,,,,,,,,,,
09C-74-00,, Sep 2025,1 CYLINDER VERTICAL NON REVERSABLE STEAM ENGINE (BORE=50mm STROKE=60mm),"FOUND THE ORIGINAL DRAWINGS ON THE INTERNET. THE ORIGINAL DRAWINGS WERE DRAWN BY JOHN DOWNS? DATED 21/11/2016? TITLE: ""STEAM ENGINE NUMBER ONE"".",www.modelesavapeur.com/mapage/09c-74-00.pdf,,3,,,,Oil points,415.6,230.0,172.0,Valve gear,Vertical,1,No,50,60,,,,,,,,,,
09C-75-00-1,, Sep 2025,2 CYLINDER VERTICAL STEAM ENGINE WITH REVERSER (BORE=40mm STROKE=40mm),"THE ENGINE SHOWN ON THESE DRAWINGS IS LOOSLY BASED ON SOME DRAWINGS WHICH I FOUND ON THE INTERNET. THE DRAWINGS WERE BY J.GALBA, DATED 13-02-2010. I HAVE DRAWN A SIMULAR ENGINE UNDER PROJECT NUMBER 09C-45-00 DATED MAY 2020",www.modelesavapeur.com/mapage/09c-75-00-1.pdf,,5,Similar to 09C-64-01,,,"3 oil cups for the crankshaft, oil points",348.0,400.0,300.0,Valve gear,Vertical,2,Yes,40,40,,,,,,,,,,
09C-75-00-2,, Sep 2025,2 CYLINDER VERTICAL STEAM ENGINE WITH REVERSER (BORE=1-37/64 STROKE=1-37/64),"THE ENGINE SHOWN ON THESE DRAWINGS IS LOOSLY BASED ON SOME DRAWINGS WHICH I FOUND ON THE INTERNET. THE DRAWINGS WERE BY J.GALBA, DATED 13-02-2010. I HAVE DRAWN A SIMULAR ENGINE UNDER PROJECT NUMBER 09C-45-00 DATED MAY 2020",www.modelesavapeur.com/mapage/09c-75-00-2.pdf,,5,Imperial version of 09c-75-00-1. Similar to 09C-64-01,,Imperial,"3 oil cups for the crankshaft, oil points",348.0,400.0,300.0,Valve gear,Vertical,2,Yes,40,40,,,,,,,,,,
09E-73-00,, Aug 2025,"2 CYLINDER NON REVERSABLE INVERTED ""V"" STEAM ENGINE (BORE=22mm STROKE=32mm)","THE ENGINE SHOWN ON THESE DRAWINGS ARE LOOSLY BASED ON A UNDIMENSIONED DRAWING AND PICTURES WHICH I FOUND ON THE INTERNET. THE DRAWING WAS DRAWN BY SIMON ROWLEY, AND DATED APRIL-2021. NO SCALE INDICATED.",www.modelesavapeur.com/mapage/09e-73-00.pdf,,4,,,,Oil points,250.0,291.4,114.0,Valve gear,V,2,No,22,32,,,,,,,,,,
09E-74-00,, Aug 2025,"2 CYLINDER NON REVERSABLE ""V"" TYPE STEAM ENGINE (BORE=22mm STROKE=32mm)","THE ENGINE SHOWN ON THESE DRAWINGS ARE LOOSLY BASED ON A UNDIMENSIONED DRAWING AND PICTURES WHICH I FOUND ON THE INTERNET. THE DRAWING WAS DRAWN BY SIMON ROWLEY, AND DATED APRIL-2021. NO SCALE INDICATED.",www.modelesavapeur.com/mapage/09e-74-00.pdf,,3,,,,Oil points,183.0,267.6,118.0,Valve gear,V,2,No,22,32,,,,,,,,,,
09A-37-00,, Dec 2024,AN OSCILLATING STEAM ENGINE FOR BEGINNERS (BORE=13mm STROKE=20mm),"ORIGINAL DRAWINGS WERE GIVING TO ME. THE ORIGINALS WERE PUBLISHED IN ""AMATEUR CRAFTMAN'S CYCLOPEDIA MODEL MAKING"" MAGAZINE PAGE 106. ARTICLE TITLE : ""MODEL STEAM ENGINE SIMPLIFIED FOR BEGINNERS"". AUTHOR(S), DATE, DRAFTER UNKOWN.",www.modelesavapeur.com/telecharements10/09a-37.pdf,,2,,,,1 oil point,94.6,59.5,50.0,Oscillating,Vertical,1,Flip Inlet,13,20,,,,,,,,,,
09A-38-00,, Dec 2024,AN OSCILLATING STEAM ENGINE FOR BEGINNERS. (BORE=13mm STROKE=14mm),"THE ORIGINAL DRAWINGS WERE GIVEN TO ME. THE AUTHOR, DATE, DRAFTER OF THE ORIGINAL DESIGN(S) AND THE ACCOMPANIED ARTICLE ARE UNKNOWN.",www.modelesavapeur.com/telecharements10/09a-38.pdf,,2,,,,Oil points,69.0,103.0,96.0,Oscillating,Horizontal,1,Flip Inlet,13,14,,,,,,,,,,
09A-39-00,, Dec 2024,A 1 CYLINDER VERTICAL OSCILLATING STEAM ENGINE (BORE=10mm STROKE=18mm),"THE ORIGINAL DRAWINGS WERE GIVEN TO ME. THE ORIGINAL DESIGN AND DRAWING WERE MADE BY ERIK-JAN STROETINGA, EINDHOVEN, THE NETHERLANDS AND DATED SEPTEMBER 1998. (E.J. STROETINGA@FONTSY.NL). MY DRAWINGS HAS SLIGHT ALTERATIONS INCORPORATED.",www.modelesavapeur.com/telecharements10/09a-39.pdf,,2,,,,None,125.0,100.0,95.0,Oscillating,Vertical,1,Flip Inlet,10,18,,,,,,,,,,
09A-40-00,, Dec 2024,A 1 CYLINDER OSCILLATING STEAM ENGINE VERTICAL INVERTED (B=10mm S=18mm),"THE ORIGINAL DRAWINGS WERE GIVEN TO ME. THE ORIGINAL 2 DRAWINGS WERE DRAWN BY N.C.G., DATED 12-20-2007, REV:3, 17-09-2007, REV:2. DRAWING TITLE: ""OSCILLATING ENGINE"". THE ENGINE SHOWN ON THIS DRAWING INCORPORATE SOME MINOR ALTERATIONS.",www.modelesavapeur.com/telecharements10/09a-40.pdf,,1,,,,Oil points,92.0,60.0,40.0,Oscillating,Vertical,1,Flip Inlet,10,18,,,,,,,,,,
09A-41-00,, Dec 2024,1 CYLINDER OSCILLATING STEAM ENGINE BORE=13mm STROKE=22mm,"THE ORIGINAL DRAWINGS WERE GIVEN TO ME. NO DESIGNER, DRAFTER AND DATE WERE STATED ON THE DRAWINGS. THE TITLE WAS ""OSCILLATING ENGINE"" (LITTLEMACHINESHOP.COM). THE ENGINE SHOWN ON THESE DRAWINGS HAS SOME MINOR ALTERATIONS INCORPORATED",www.modelesavapeur.com/telecharements10/09a-41.pdf,,2,,,,Oil points,111.0,80.0,60.0,Oscillating,Vertical,1,Flip Inlet,13,22,,,,,,,,,,
09A-42-00,, Dec 2024,A  SUPER SIMPLE OSCILLATING STEAM ENGINE (BORE=10mm STROKE=20mm),"THE ORIGINAL DRAWINGS WERE GIVEN TO ME. THE ORIGINAL DESIGN AND DRAWINGS WERE BY JOHN WHEELER AND PUBLISHED IN ""MODEL MECHANICS"" MAGAZINE OF FEBRUARY 1979 UNDER THE TITLE ""A SIMPLE OSCILLATOR"".",www.modelesavapeur.com/telecharements10/09a-42.pdf,,2,,,,None,100.0,150.0,68.0,Oscillating,Horizontal,1,Flip Inlet,10,20,,,,,,,,,,
09A-43-00,, Jan 2025,"1 CYLINDER VERTICAL MINIATURE STEAM ENGINE CALLED ""BIJOU"" (B=0.125"" S=0.124"")","THE ORIGINAL DRAWINGS WERE GIVEN TO ME. THE ORIGINAL DRAWING WERE PUBLISHED IN A UNKOWN MAGAZINE, PAGES 42, 43, 44. NO AUTHOR, DESIGNER OR DATE STATED. PLEASE NOTE THE ""IMPERIAL"" DIMENSIONS ONTHE DRAWINGS.",www.modelesavapeur.com/telecharements10/09a-43.pdf,,1,Imperial version of 09a-43-01,"Weird garbage on the preview isometric views, incorrectly says metric under GENERAL NOTES",Imperial,None,21.7,19.8,16.0,Oscillating,Vertical,1,Flip Inlet,3.2,3.1,,,,,,,,,,
09A-43-01,, Jan 2025,"1 CYLINDER VERTICAL STEAM ENGINE CALLED ""BIJOUX3.5"" (B=11mm S=11mm)","THE ENGINE SHOWN ON THESE DRAWINGS IS BASED ON DRAWINGS WHICH WERE GIVEN TO ME. THE ORIGINAL DRAWINGS WERE PUBLISHED IN A UNKOWN MAGAZINE, PAGES 42, 43, 44. NO AUTHOR, DESIGNER OR DATE STATED.",www.modelesavapeur.com/telecharements10/09a-43-01.pdf,,1,,,,None,77.0,60.0,56.0,Oscillating,Vertical,1,Flip Inlet,11,11,,,,,,,,,,
09A-45-00,, Jan 2025,1 CYLINDER HORIZONTAL OSCILLATING STEAM ENGINE WITH MAGNETIC CYLINDER PIVOT,"THE ORIGINAL DRAWING WAS GIVEN TO ME. NO AUTHOR, DESINGER, DATES, TITLE OR INFORMATION OF THE ORIGIN OF THE DRAWING WERE STATED. THE ENGINE SHOWN ON THESE DRAWINGS IS 1.5 TIMES THE ORIGINAL",www.modelesavapeur.com/telecharements10/09a-45.pdf,,2,,,,Oil points,99.5,150.0,95.0,Oscillating,Horizontal,1,Flip Inlet,15,22,,,,,,,,,,
09A-46-00,, Jan 2025,1 CYLINDER VERTICAL OSCILLATING STEAM ENGINE WITH REVERSER (B=24mm S=20mm),"THE ORIGINAL DRAWINGS WERE GIVEN TO ME. THE ORIGINAL DRAWINGS AND ARTICLE WERE PUBLISHED IN ""POPULAR SCIENCE"" MAGAZINE OF APRIL 1941 UNDER THE HEADING: ""OSCILLATING STEAM ENGINE WITH REVERSE GEAR BY C.W.WOODSON"". ENGINE SHOWN ON THESE DRAWING IS 1.5 TIMES THE ORIGINAL",www.modelesavapeur.com/telecharements10/09a-46.pdf,,2,,,,1 oil point,177.8,157.5,126.7,Oscillating,Vertical,1,Yes,24,20,,,,,,,,,,
09A-47-00,, Jan 2025,A SUPER SIMPLE VERTICAL OSCILLATING STEAM ENGINE (BORE=10mm STROKE=26mm),"THE ORIGINAL DRAWINGS WERE GIVEN TO ME. THE ORIGINAL DRAWINGS WERE DRAWN BY N.C.G. DATED 06/12/2008. DRAWING TITLE: ""OLIVER'S ENGINE"". ENGINE SHOWN ON THESE DRAWINGS IS 2 TIMES THE ORIGINAL.",www.modelesavapeur.com/telecharements10/09a-47.pdf,,1,,,,None,147.0,119.0,64.0,Oscillating,Vertical,1,Flip Inlet,10,26,,,,,,,,,,
09A-48-00,, Jan 2025,1 CYLINDER VERTICAL OSCILLATING STEAM ENGINE (BORE=12mm STROKE=16mm),"THE ORIGINAL DRAWINGS WERE GIVEN TO ME. NO AUTHOR, DESIGNER OR DRAFTER AND DATES WERE SHOWN ON THE DRAWINGS. THE DRAWING TITLE WAS: ""SIMPLE OSCILLATING STEAM ENGINE"". SOME PARTS HAVE BEEN SLIGHTLY MODIFIED",www.modelesavapeur.com/telecharements10/09a-48.pdf,,1,,,,Oil points,82.3,68.0,50.0,Oscillating,Vertical,1,Flip Inlet,12,16,,,,,,,,,,
09A-49-00,, Jan 2025,1 CYLINDER VERTICAL OSCILLATING STEAM ENGINE. (BORE=8mm STROKE=20mm),"THE ORIGINAL DRAWINGS ERE GIVEN TO ME. THE DRAWINGS AND ARTCLES ARE BY ROB VAN DORT, AND WERE PUBLISHED IN AN UNKNOWN MAGAZINE (PAGES 44 TO 50) UNDER THE TITLE ""SIMPLEX & DUPLEX"". THE REAL ORIGINAL DESIGN AND DRAWINGS WERE BY P.H.VAN POPTA AND WERE PUBLISHED IN THE MAGAZINE OF ""NEDERLANDSE VERENIGING VAN MODEL-BOUWERS""",www.modelesavapeur.com/telecharements10/09a-49.pdf,,2,1 cylinder variant of 09A-49-01,,Catwalk,None,136.0,120.0,100.0,Oscillating,Vertical,1,Flip Inlet,8,20,,,,,,,,,,
09A-49-01,, Jan 2025,2 CYLINDER VERTICAL OSCILLATING STEAM ENGINE WITH REVERSER. (B=8mm S=20mm),"THE ORIGINAL DRAWINGS ERE GIVEN TO ME. THE DRAWINGS AND ARTCLES ARE BY ROB VAN DORT, AND WERE PUBLISHED IN AN UNKNOWN MAGAZINE (PAGES 44 TO 50) UNDER THE TITLE ""SIMPLEX & DUPLEX"". THE REAL ORIGINAL DESIGN AND DRAWINGS WERE BY P.H.VAN POPTA AND WERE PUBLISHED IN THE MAGAZINE OF ""NEDERLANDSE VERENIGING VAN MODEL-BOUWERS""",www.modelesavapeur.com/telecharements10/09a-49-01.pdf,,3,2 cylinder variant of 09A-49-00,,Catwalk,None,136.0,126.8,100.0,Oscillating,Vertical,2,Yes,8,20,,,,,,,,,,
09A-50-00,, Jan 2025,2 CYLINDER V-TYPE OSCILLATING STEAM ENGINE. (BORE=16mm STROKE=20mm),"THE ORIGINAL DRAWINGS WERE GIVEN TO ME. THE ORIGINAL DRAWINGS AND ARTICLE WERE PUBLISHED UNDER THE TITLE ""A TWIN-CYLINDER OSCILLATING ENGINE"" BY J.V.ROMIG IN AN UN-SPECIFIED MAGAZINE PAGES 139, 140, 141.",www.modelesavapeur.com/telecharements10/09a-50.pdf,,2,Could possibly be fitted with a second inlet manifold to allow running in reverse,,,Oil points,101.0,120.6,89.8,Oscillating,V,2,No,16,20,,,,,,,,,,
09A-51-00,, Jan 2025,1 CYLINDER VERTICAL SINGLE ACTING OSCILLATING STEAM ENGINE (B=8mm S=9mm),"THE ORIGINAL DRAWINGS WERE GIVEN TO ME. NO AUTHOR, DRAFTER, TITLE, DATE WERE PRINTED ON THE DRAWINGS. (THIS WAS WRITTEN ON THE FILE SEND TO ME ""ME magazine#C493)",www.modelesavapeur.com/telecharements10/09a-51.pdf,,1,,,,None,76.0,53.3,53.3,Oscillating,Vertical,1,Flip Inlet,8,9,,,,,,,,,,
09A-51-01,, Jan 2025,1 CYLINDER VERTICAL DOUBLE ACTING OSCILLATING STEAM ENGINE (B=8mm S=10mm),"THE ORIGINAL DRAWINGS WERE GIVEN TO ME. NO AUTHOR, DRAFTER, TITLE, DATE WERE PRINTED ON THE DRAWINGS (THIS WAS WRITTEN ON THE FILE SEND TO ME ""ME magazine#C493)""",www.modelesavapeur.com/telecharements10/09a-51-01.pdf,,1,,,,None,79.0,61.5,50.0,Oscillating,Vertical,1,Flip Inlet,8,10,,,,,,,,,,
09A-53-00,, Jan 2025,1 CYLINDER VERTICAL SINGLE ACTING OSCILLATING STEAM ENGINE (B=6mm S=16mm),"THE ORIGINAL DRAWINGS WERE GIVEN TO ME. HE ORIGINAL DRAWINGS WERE DESIGNED AND DRAWN BY PAUL R. JORGENSON, DATED OCTOBER 2009, UNDER THE TITLE ""SIMPLE JINGLE BELL ENGINE"". SOME SMALL ALTERATIONS HAVE BEEN INCORPORATED IN THESE DRAWINGS.",www.modelesavapeur.com/telecharements10/09a-53.pdf,,2,,,,None,100.5,75.0,60.0,Oscillating,Vertical,1,Flip Inlet,6,16,,,,,,,,,,
09A-54-00,, Jan 2025,2 CYLINDER V-TYPE OSCILLATING STEAM ENGINE SINGLE ACTING. (B=14mm S=24mm),"THE ORIGINAL DRAWINGS WERE GIVEN TO ME.THE ORIGINAL DRAWINGS AND ARTICLE WAS PUBLISHED THE ""MODEL MECHANICS"" MAGAZINE OF NOVEMBER 1979, UNDER THE TITLE ""VIPER"" BY RICHARD HALFPENNY. ENGINE SHOWN ON THESE DRAWINGS IS 1.5 TIMES THE ORIGINAL",www.modelesavapeur.com/telecharements10/09a-54.pdf,,2,Could possibly be fitted with a second inlet manifold to allow running in reverse,,,Oil points,128.8,130.0,113.0,Oscillating,V,2,No,14,24,,,,,,,,,,
09A-55-00,, Jan 2025,1 CYLINDER VERTICAL OSCILLATING STEAM ENGINE. (BORE=15mm STROKE=20mm),"THE ORIGINAL DRAWINGS WERE GIVEN TO ME. THE ORIGINAL DRAWINGS WERE DESISNED AND DRAWN BY THEGSEY, DATED 01/01/2012, DRAWING TITLE WOBBLER DRAWING, DRAWING NUMBER WBLR-001 AND -002. ENGINE SHOWN ON THESE DRAWIGS IS HALF SIZE",www.modelesavapeur.com/telecharements10/09a-55.pdf,,2,,,,Oil points,105.0,95.0,50.0,Oscillating,Vertical,1,Flip Inlet,15,20,,,,,,,,,,
09A-56-00,, Jan 2025,4 CYLINDER V-TYPE OSCILLATING STEAM ENGINE WITH REVERSER (B=15mm S=22mm),"THE ORIGINAL DRAWINGS WERE GIVEN TO ME. THE ORIGINAL DESIGN AND DRAWINGS WERE BY KEN IRWIN. THE TITLE OF HIS PROJECT WAS ""V4 OSCILLATING ENGINE, LOOK MA! NO SPRINGS"". THE ENGINE SHOWN ON THESE DRAWINGS IS 1.5 TIMES LARGER THAN THE ORIGINAL",www.modelesavapeur.com/telecharements10/09a-56.pdf,,3,,,,Oil points,216.0,193.0,150.0,Oscillating,V,4,Yes,15,22,,,,,,,,,,
09A-57-00,, Jan 2025,1 CYLINDER VERTICAL OSCILLATING STEAM ENGINE (BORE=6mm STROKE=19mm),"THE ORIGINAL DRAWINGS WERE GIVEN TO ME. THE ORIGNAL DESIGN AND ARTCLE WAS BY ANDREW SPRAGUE AND THE DRAWINGS BY G.R.BROAD. Jr MAGAZINE NOT SPECIFIED, ARTICLE TITLE ""HAND-TOOL STEAM ENGINE""",www.modelesavapeur.com/telecharements10/09a-57.pdf,,1,,,,None,89.5,54.8,50.0,Oscillating,Vertical,1,Flip Inlet,6,19,,,,,,,,,,
09A-58-00,, Jan 2025,1 CYLINDER HORIZONTAL OSCILLATING STEAM ENGINE (BORE=10mm STROKE=19mm),"THE ORIGINAL DRAWINGS WERE GIVEN TO ME. NO DESIGNER, DRAFTER, DATES, TITLE WERE STATED ON THE ORIGINAL DRAWINGS.",www.modelesavapeur.com/telecharements10/09a-58.pdf,,1,,,,Oil points,90.0,130.0,83.0,Oscillating,Horizontal,1,Flip Inlet,10,19,,,,,,,,,,
09A-59-00,, Feb 2025,1 CYLINDER VERTICAL OSCILLATING STEAM ENGINE. (BORE=10mm STROKE=14mm),"THE ORIGINAL DRAWINGS WERE GIVEN TO ME. THE ORIGINAL ENGINE WAS DESIGNED AND DRAWN BY E. DANIEL UNDER THE TITLE: ""SP1-WOBBLER"". NO DATE STATED. THE ENGINE SHOWN ON THESE DRAWINGS IS 2 TIMES THE ORIGINAL.",www.modelesavapeur.com/telecharements10/09a-59.pdf,,2,Inlet and outlet come through the base,,,Oil points,114.5,101.0,100.0,Oscillating,Vertical,1,Flip Inlet,10,14,,,,,,,,,,
09A-60-00,, Feb 2025,1 CYL. VERT. DOUBLE ACTING OSCILLATING STEAM ENGINE (BORE=35mm STROKE=48mm),"THE ORIGINAL DRAWINGS WERE GIVEN TO ME. THE ORIGINAL DESIGN AND DRAWINGS AND ARTICLE WERE PUBLISHED IN AN UNSPECIFIED MAGAZINE PAGES 114 TO 119 UNDER THE TITLE ""WOODY"" BY JOHN W. REICHART. THE ENGINE SHOWN HAS SOME ALTERATIONS INCORPORATED.",www.modelesavapeur.com/telecharements10/09a-60.pdf,,2,,,,Oil points,239.0,174.0,150.0,Oscillating,Vertical,1,Flip Inlet,35,48,,,,,,,,,,
09A-61-00,, Mar 2025,2 CYLINDER VERTICAL OSCILLATING STEAM ENGINE REVERSABLE (B=22mm S=35mm),"THE ORIGINAL DRAWINGS WERE GIVEN TO ME. THE DRAWINGS WERE IN FRENCH, THE DRAWING TITLE WAS ""CHALOUPE A VAPEUR"". DWG NUMBER GPVA-01, DATED 17-08-17, DESIGNER R. ROCHART. ENGINE SHOWN ON THESE DRAWINGS IS 2.5 TIMES THE ORIGINAL",www.modelesavapeur.com/telecharements10/09a-61.pdf,,2,Uses ball bearings for the shaft,,,None,262.0,134.5,100.0,Oscillating,Vertical,2,Yes,22,35,,,,,,,,,,
09C-49-00,, Jul 2025,A 2 CYLINDER VERTICAL WALL MOUNTED STEAM ENGINE (B=28mm S=38mm) ,THE ORIGINAL DRAWINGS WERE GIVEN TO ME. THE ORIGINAL ENGINE WAS DESIGEND/BUILT BY J.P.DUVAL (LUSSAN) DRAWING NUMBER(S) MVh TC 14/18 SHT 00-04 DATED 08/2006 THE ENGINE ON THESE DRAWINGS IS TWO TIMES THE ORIGINAL SIZE,www.modelesavapeur.com/telechargemennts/a-2-cylinder-vertical-wall-mounted-steam-engine.pdf,,3,,,,Oil points,287.0,193.0,98.0,Valve gear,Vertical,2,No,28,38,,,,,,,,,,
09A-27-00,, May 2020,A COMPACT-STURDY 4 CYLINDER V-SHAPED OSCILLATING STEAM ENGINE (B=20 S=40),"THE ORIGINAL DRAWINGS WERE GIVEN TO ME. THE ORIGNAL DESIGN/BUILD WAS BY J.P.DUVAL OF ""MINIATURES MECANIQUES MODELS"". DRAWING No: MV o 10x20 01 OO, DATED OCTOBER 2004. THE ENGINE SHOWN ON THESE DRAWINGS IS 2x THE ORIGINAL",www.modelesavapeur.com/telechargemennts/a-compact-sturdy-4-cylinder-v-shaped-oscillating-steam-engine.pdf,,3,,,,Oil points,168.4,200.5,182.0,Oscillating,V,4,Yes,20,40,,,,,,,,,,
09C-48-00,, Jul 2020,A SINGLE CYLINDER VERTICAL STEAM ENGINE BY J.P.DUVAL (B=25mm S=32mm),THE ORIGINAL DRAWINGS WERE GIVEN TO ME. THE ORIGINAL ENGINE WAS DESIGEND/BUILT BY J.P.DUVAL (LUSSAN) DRAWING NUMBER(S) MV 25/30 ENS/DET DATED BETWEEN 10-1995 AND 03-1998,www.modelesavapeur.com/telechargemennts/a-simple-cylinder-vertical-steam-engine-by-jp-duval.pdf,,3,,,,Oil points,223.5,103.4,100.0,Valve gear,Vertical,1,No,25,32,,,,,,,,,,
09C-42-00,, Nov 2019,A SIMPLE VERTICAL STEAM ENGINE WITH SLIDE CRANK (SCOTCH YOKE TYPE),THIS DESIGN IS BASED ON DRAWINGS WHICH WERE GIVEN TO ME. THE ORIGINAL DESIGN AND DRAWINGS WERE BY RAYMOND YATES. MAGAZINE AND DATES UNKOWN (FIG 93& FIG 95.,www.modelesavapeur.com/telechargemennts/a-simple-steam-engine-with-slide-crank.pdf,,3,,,,Oil points,169.0,108.0,90.0,Valve gear,Vertical,1,No,24,24,,,,,,,,,,
09C-43-00,, Nov 2019,A SIMPLE VERTICAL STEAM ENGINE BORE=24mm STROKE=24mm,"THIS DESIGN IS BASED ON DRAWINGS WHICH WERE GIVEN TO ME. THE ORIGINAL DESIGN AND DRAWINGS WERE BY RAYMOND YATES. MAGAZINE AND DATES UNKOWN (FIG. 103, FIG. 104A & FIG. 104)",www.modelesavapeur.com/telechargemennts/a-simple-vertical-steam-engine.pdf,,3,,,,Oil points,176.0,110.0,80.0,Valve gear,Vertical,1,No,24,24,,,,,,,,,,
09A-29-00,, May 2020,A STURDY 1 CYLINDER OSCILLATING STEAM ENGINE (B=20 S=40),"THE ORIGINAL DRAWINGS WERE GIVEN TO ME. THE ORIGNAL DESIGN/BUILD WAS BY J.P.DUVAL OF ""MINIATURES MECANIQUES MODELS"". DRAWING No: MV o 10x20 02 OO, DATED OCTOBER 2004. THE ENGINE SHOWN ON THESE DRAWINGS IS 2x THE ORIGINAL",www.modelesavapeur.com/telechargemennts/a-sturdy-1-cylinder-oscillating-steam-engine.pdf,,2,,,,Oil points,71.0,164.0,114.0,Valve gear,Horizontal,1,Flip Inlet,20,40,,,,,,,,,,
09A-28-00,, May 2020,A STURDY 2 CYLINDER BOXER TYPE OSCILLATING STEAM ENGINE (B=20 S=40),"THE ORIGINAL DRAWINGS WERE GIVEN TO ME. THE ORIGNAL DESIGN/BUILD WAS BY J.P.DUVAL OF ""MINIATURES MECANIQUES MODELS"". DRAWING No: MV o 10x20 02 OO, DATED OCTOBER 2004. THE ENGINE SHOWN ON THESE DRAWINGS IS 2x THE ORIGINAL",www.modelesavapeur.com/telechargemennts/a-sturdy-2-cylinder-boxer-type-oscillating-engine.pdf,,2,,,,Oil points,138.5,252.3,117.0,Valve gear,Horizontal,2,Yes,20,40,,,,,,,,,,
09E-36-00,, Nov 2019,A THWATTES AND CARBUTT TYPE REVERSING ROLLING MILL STEAM ENGINE,"THIS DESIGN IS BASED ON DRAWINGS WHICH WERE FOUND ON THE INTERNET. THE ORIGINAL DRAWING WAS PUBLISHED ON THE ""MODELENGINEERINGWEBSITE WEBSITE. A SIMULAR SET OF DRAWINGS WERE FOUND ON THE INTERNET.",www.modelesavapeur.com/telechargemennts/a-twattes-and-carlutt-type-reversing-rolling-mill-steam-engine.pdf,,7,,,,"4 oil cups for crank shaft and output gear shaft, oil points",189.0,615.0,257.0,Valve gear,Horizontal,2,Yes,45,60,,,,,,,,,,
09C-38-00,, Aug 2019,A TWIN CYLINDER VERTICAL DOUBLE ACTING STEAM ENGINE BORE/STROKE=20mm,THIS DESIGN IS BASED ON DRAWINGS WHICH WERE GIVEN TO ME. THE ORIGINAL DESIGN AND DRAWINGS WERE BY MALCOLM BEAK. DATED 1985. ENGINE CODE M.B.22,www.modelesavapeur.com/telechargemennts/a-twin-cylinder-zip.zip,,3,,,,Oil points,152.0,135.0,92.0,Valve gear,Vertical,2,No,20,20,,,,,,,,,,
09E-18-00,WBSE, Dec 2015,SIMPLE WALKING-BEAM STEAM ENGINE,"THIS DESIGN IS BASED ON DRAWINGS WHICH I FOUND N THE INTERNET. THE ORIGINAL DRAWINGS WERE PUBLISHED IN THE ""POPULAR MECHANICS"" MAGAZINE OF AUGUST 1969. ARTICLE BY RUDY KOUHOUPT.",www.modelesavapeur.com/telechargemennts/balanced-beam-engine.pdf,,3,,"Doesn't list a stroke, and I can't be bothered doing trig",Beam,Oil points,186.0,226.5,92.0,Valve gear,Vertical,1,No,13,,,,,,,,,,,
09E-24-00,BBSEBH, Nov 2017,BALANCED BEAM STEAM ENGINE,"THIS BALANCED BEAM STEAM ENGINE IS BASED ON DRAWINGS GIVEN TO ME. THIS DESIGN IS LOOSLY BASED ON A DESIGN BY BOB HOLME DATED AUGUST-2013. THIS ENGINE WAS CALLED ""THE TRIPLE B""",www.modelesavapeur.com/telechargemennts/bbsebh-complet.pdf,,5,,"Doesn't list a stroke, and I can't be bothered doing trig",Beam,Oil points,356.2,535.0,217.0,Valve gear,Vertical,1,No,30,,,,,,,,,,,
09C-39-00,, Sep 2019,B. HICK & SON CRANK OVERHEAD STEAM ENGINE (DATE UNKNOWN),THIS DESIGN IS BASED ON DRAWINGS WHICH WERE FOUND ON THE INTERNET. THE AUTHOR OF THE ORIGINAL DESIGN AND DRAWINGS IS UNKNOWN,www.modelesavapeur.com/telechargemennts/b-hik-and-son-crank.pdf,https://youtu.be/EdBoHBQCFEI,9,Pipes all come through the base. Handle does nothing,,"Catwalk, Govenor","1 oil cup on the con-rod, oil points",532.5,335.0,284.0,Valve gear,Vertical,1,No,30,68,Yes,,,,,,,,,
09B-19-00,CORLISS2, Feb 2018,"1 CYLINDER HORIZONTAL HIGH PRESSURE STEAM ENGINE OF THE ""CORLISS"" TYPE","THE ORIGINAL DRAWINGS WERE GIVEN TO ME. THE ORIGINAL DRAWINGS AND ACCOMPANIED ARTICLE WERE PUBLISHED IN THE ""MODEL ENGINEER MAGAZINE DATED 20 AUGUST 1982 UNDER TITLE ""A MODEL CONDENSING CORLISS ENGINE"" BY ARNOLD THROP.",www.modelesavapeur.com/telechargemennts/corliss-jdw-10-02-2018.pdf,,8,Steam outlet through the base,,Govenor,Oil cups,376.5,900.0,510.0,Valve gear,Horizontal,1,No,43,86,,,,,,,,,,
09B-17-00,DUVAL-1, Sep 2017,"SIMPLE 1 CYLINDER HORIZONTAL STEAM ENGINE ""J.P.DUVAL-1"" (B= 24mmxS=52mm)",THE ORIGINAL DRAWING OF THIS ENGINE WAS BY J.P.DUVAL AND FOUND ON THE INTRNET. THE ORIGINAL DRAWING NUMBER WAS MV 16x32 Moh DATED 01/2005 (THIS ENGINE IS 1.5 TIMES LARGER THAN THE ORIGINAL),www.modelesavapeur.com/telechargemennts/duval-1-jdw-19-12-2017.pdf,,3,,,,Oil points,155.0,374.0,135.0,Valve gear,Horizontal,1,No,24,52,,,,,,,,,,
09D-17-00,, Apr 2019,AN EXPERIMENTAL HORIZONTAL STEAM ENGINE USING THE PUSH-PULL (CAT&MOUSE) PRINCIPLE,THIS ENGINE WAS DEVELOPED AND DESIGNED BY J.A.M. DE WAAL.,www.modelesavapeur.com/telechargemennts/experimental-push-pull-27-04-2019.pdf,,3,,"Doesn't list a stroke, and I'm not sure how to calculate it on this one",,Oil points,150.0,429.0,138.0,Valve gear,Horizontal,1,No,38,,,,,,,,,,,
09C-32-00,, Nov 2018,"A MODEL OF THE ""GORGON"" SHIP'S STEAM ENGINE","THIS DESIGN IS BASED ON DRAWINGS WHICH WERE PUBLISHED ON THE ""MODELENGINEERINGWEBSITE"" WEBSITE. THE ORIGINAL DRAWINGS AND ACCOMPANIED ARTICLES WERE BY Mr. GUENTER KALLIIES. THIS ENGINE IS 1.5 TIMES THE ORIGINAL",www.modelesavapeur.com/telechargemennts/gorgon-marine-engine.pdf,,6,Has a regulator wheel. Exhaust steam is condensed and pumped to a waste tank,,Condensor,Oil cups and points,338.0,337.5,292.0,Valve gear,Vertical,2,Yes,24,66,,,,,,,,,,
11-10-02,GRASSHOPPER, Apr 2018,A  SINGLE CYLINDER VERTICAL STEAM ENGINE OF THE GRASSHOPPER TYPE H.MUNCASTER.,"THE ORIGINAL DRAWINGS WERE PUBLISHED IN THE ""MODEL ENGINEER AND PRACTICAL ELECTRICIAN"" MAGAZINE OF MAY 1934 UNDER THE HEADING OF ""A DESIGN FOR A MODEL ""GRASSHOPPER"" ENGINE"".",www.modelesavapeur.com/telechargemennts/grasshopper-muncaster-jdw.pdf,,8,,"Doesn't list a stroke, and I can't be bothered doing trig","Govenor, Beam",Oil points,581.8,528.5,170.0,Valve gear,Vertical,1,No,71,,Yes,,,,,,,,,
09C-25-00,DUVAL-2, Sep 2017,"SIMPLE 1 CYLINDER VERTICAL STEAM ENGINE ""J.P.DUVAL-2"" (B= 24mmxS=52mm)",THE ORIGINAL DRAWING OF THIS ENGINE WAS BY J.P.DUVAL AND FOUND ON THE INTRNET. THE ORIGINAL DRAWING NUMBER WAS MV 16x32 Bdn 00 00 DATED 10/2004 (THIS ENGINE IS 1.5 TIMES LARGER THAN THE ORIGINAL),www.modelesavapeur.com/telechargemennts/jp-duval2.pdf,,3,,,,Oil points,370.0,152.0,151.0,Valve gear,Vertical,1,No,24,52,,,,,,,,,,
09E-21-00,DUVAL-3, Sep 2017,"SIMPLE 1 CYLINDER BALANCED BEAM STEAM ENGINE ""J.P.DUVAL-3"" (B= 24mmxS=52mm)",THE ORIGINAL DRAWING OF THIS ENGINE WAS BY J.P.DUVAL AND FOUND ON THE INTRNET. THE ORIGINAL DRAWING NUMBER WAS MV 16x32 ball1 00 00 1/2 DATED 10/2004 (THIS ENGINE IS 1.5 TIMES LARGER THAN THE ORIGINAL),www.modelesavapeur.com/telechargemennts/jp-duval3.pdf,,4,,,Beam,Oil points,277.5,313.0,138.0,Valve gear,Vertical,1,No,24,52,,,,,,,,,,
09E-22-00,DUVAL-4, Sep 2017,"1 CYL. BEAM STEAM ENGINE ""J.P.DUVAL-4"" GRASSHOPPER TYPE (B= 24mmxS=52mm)",THE ORIGINAL DRAWING OF THIS ENGINE WAS BY J.P.DUVAL AND FOUND ON THE INTRNET. THE ORIGINAL DRAWING NUMBER WAS MV 16x32 ball2 00 00 DATED 10/2004 (THIS ENGINE IS 1.5 TIMES LARGER THAN THE ORIGINAL),www.modelesavapeur.com/telechargemennts/jp-duval4.pdf,,4,,,Beam,Oil points,244.6,248.0,135.0,Valve gear,Vertical,1,No,24,52,,,,,,,,,,
09C-26-00,DUVAL-5, Oct 2017,"2 CYL. VERT. STEAM ENGINE WITH REVERSER ""J.P.DUVAL-5"" (B= 24mmxS=34mm)",THE ORIGINAL DRAWING OF THIS ENGINE WAS BY J.P.DUVAL AND FOUND ON THE INTRNET. THE ORIGINAL DRAWING NUMBER WAS MV 16x19 00 00 a DATED 10/2004 (THIS ENGINE IS 1.5 TIMES LARGER THAN THE ORIGINAL),www.modelesavapeur.com/telechargemennts/jp-duval5.pdf,,4,,,,Oil points,214.5,220.0,133.5,Valve gear,Vertical,2,Yes,24,34,,,,,,,,,,
09E-30-00,, Oct 2018,A MODEL OF A KIMBLE TYPE STEAM ENGINE,"THIS MODIFIED DESIGN IS BASED ON DRAWINGS WHICH WERE GIVEN TO ME. THE ORIGINAL DRAWINGS WERE BY Mr. JERRY PONTIUS, DEADWOOD, SOUTH DAKOTA.",www.modelesavapeur.com/telechargemennts/kimble-engine.pdf,,3,,,,Oil points,181.0,310.4,135.0,Valve gear,Kimble,1,No,,,,,,,,,,,,
09B-21-00,, Jun 2019,A MODEL OF A SUGAR CANE MILL AS MANUFACTURED BY MESSERS. ROBEY&CO,"THIS DESIGN IS BASED ON DRAWINGS PUBLISHED ON THE ""MODELENGINEERINGWEBSITE"" WEBSITE.",http://www.modelesavapeur.com/telechargemennts/laminoir-canne-sucre-zip.zip,,9,"Has a sugar cane crusher, juce tank and pump, and regulator handle",,,Oil cups and points,280.0,533.0,280.5,Valve gear,Horizontal,1,No,25,32,,,,,,,,,,
09C-40-00,, Oct 2019,"1 CYLINDER VERTICAL STEAM ENGINE CALLED ""LITTLE KATHYx2"" (B=32mm x ST=40mm)","THIS DESIGN IS BASED ON DRAWINGS WHICH WERE GIVEN TO ME. THE ORIGINAL DESIGN WAS BY H.J. COVENTRY M.E., BALTIMORE, MD. AND THE CAD DRAWINGS WERE BY EDWARD G. WARREN. DATE UNKNOWN. MY DESIGN IS 2X LARGER THAN THEN THE ORIGINAL",www.modelesavapeur.com/telechargemennts/little-kathy-x-2.pdf,,3,,,,Oil points,280.0,160.0,131.0,Valve gear,Vertical,1,No,32,40,,,,,,,,,,
09A-25-00,, Jan 2019,A MODEL OF A MAUDSLAY MARINE TYPE VERTICAL STEAM ENGINE,"THIS DESIGN IS BASED ON DRAWINGS WHICH WERE PUBLISHED ON THE M.E.M. WEBSITE. THIS ENGINE WAS DESIGNED AND BUILT BY Mr. CHUCK FELLOWS, ROUND ROCK TEXAS, USA. THIS ENGINE IS 1.5 TIMES LARGER THAN THE ORIGINAL",www.modelesavapeur.com/telechargemennts/maudslay-jdw-24-01-2019.pdf,,4,,,,Oil points,376.0,325.0,111.0,Valve gear,Vertical,1,Yes,22,58,,,,,,,,,,
09A-25-01,, Oct 2019,A MODEL OF A MAUDSLAY TWIN CYLINDER VERTICAL MARINE TYPE STEAM ENGINE,THIS DESIGN IS BASED ON A DRAWING WHICH WAS GIVEN TO ME. THE ORIGINAL DESIGN AND DRAWING IS SHOWN ON SHEET-A,www.modelesavapeur.com/telechargemennts/mausdlay-vertical-marine.pdf,,5,,,Govenor,Oil points,250.0,215.0,182.0,Valve gear,Vertical,2,Yes,15,38,,,,,,,,,,
09E-11-01,MONITORX2, Dec 2017,"2 CYLINDER HORIZONTAL STEAM ENGINE OF THE ""MONITOR"" TYPE","THIS STEAM ENGINE WAS ORIGINALLY DESIGNED BY Mr. R MIDDLETON, MUNDELEY, NORFOLK, UK. THIS SET OF DRAWINGS IS A REDRAW OF A SET DRAWINGS DONE IN 2013,WHICH WERE DISTROYED IN 2015. THIS ENGINE IS TWICE THE SIZE OF THE ORIGINAL",www.modelesavapeur.com/telechargemennts/monitor-x2.pdf,,4,,"Doesn't list a stroke, and I can't be bothered doing trig",,Oil cups and points,368.2,760.0,452.0,Valve gear,Horizontal,2,No,68,,,,,,,,,,,
09E-35-00,, Jun 2019,A MODEL OF A 2 CYLINDER SELFCONTAINED PORTABLE STEAM ENGINE WITH REVERSER,"THIS DESIGN IS BASED ON DRAWINGS WHICH I FOUND ON THE INTERNET. THE ORIGINAL DRAWING WERE BY R.A.HILL. THE DRAWINGS WERE FILED FOR PATENT RIGHTS ON THE 3RD OF MARCH 1958. FILE NO:2,951,471. ISSUE DATE 6TH SEPTEMBER 1960",www.modelesavapeur.com/telechargemennts/Moteur%201951%20-%20Copie.pdf,,4,,"Doesn't list a stroke, and I don't think the crank drawing is constrained properly",,Oil points,203.0,419.0,154.0,Valve gear,Horizontal,2,Yes,30,,,,,,,,,,,
09C-29-00,COMPOUND, Apr 2018,A MODEL OF A TWIN CYLINDER VERTICAL COMPOUND STEAM ENGINE,"FOUND THE ORIGINAL DRAWINGS ON THE INTERNET. THE TITLE OF THE ORIGINAL DRAWINGS WAS: ""MACHINE A VAPEUR W.WHITE & SONS-VECTIS WORKS-W COWES"". DESIGNER JEAN LE BOT. DATE AUGUST 1970. CONVERTED TO METRIC BY J. GRIMONPON.",www.modelesavapeur.com/telechargemennts/moteur-compound-jdw.pdf,,9,"2 drains on each piston. Double expansion, second pisont B=105 S=58. Also has a ""VLAVE CHEST RELIEVE VALVE"" and ""AIR PUMP""",,"Cylinder Drains, Double Expansion","Oiler on first cylinder, ",457.5,329.4,249.2,Valve gear,Vertical,2,Yes,50,58,,,,,,,,,,
11-01-00,MUNCASTER, Mar 2016,A SIMPLE OSCILLATING STEAM ENGINE BY H.MUNCASTER.,"THE ORIGINAL DRAWINGS WERE PUBLISHED IN THE ""MODEL ENGINEER"" MAGAZINE OF FEBTUARY 1957 UNDER THE HEADING OF ""THE MUNCASTER STEAM-ENGINE MODELS.",www.modelesavapeur.com/telechargemennts/muncaster-1.pdf,,2,,,,1 oil cup,180.0,120.0,100.0,Oscillating,Vertical,1,Flip Inlet,16,36,,,,,,,,,,
11-03-00,MUNCASTER3, Mar 2016,A SIMPLE HORIZONTAL MILL STEAM ENGINE WITH SLIDE VALVE BY H.MUNCASTER.,"THE ORIGINAL DRAWINGS WERE PUBLISHED IN THE ""MODEL ENGINEER"" MAGAZINE OF MARCH 1957 UNDER THE HEADING OF ""THE MUNCASTER STEAM-ENGINE MODELS.",www.modelesavapeur.com/telechargemennts/muncaster-3-complet.pdf,,3,,,,Oil points,173.0,386.0,173.0,Valve gear,Horizontal,1,No,30,54,,,,,,,,,,
11-04-01,MUNCASTER4.1, Apr 2017,1 CYL HORIZONTAL MILL STEAM ENGINE WITH BAR CROSSHEAD SLIDES BY H.MUNCASTER.,"THE ORIGINAL DRAWINGS WERE PUBLISHED IN THE ""MODEL ENGINEER"" MAGAZINE OF FEBTUARY 1957 UNDER THE HEADING OF ""THE MUNCASTER STEAM-ENGINE MODELS"".",www.modelesavapeur.com/telechargemennts/muncaster-4-complet.pdf,,3,,1st of 3 projects in this pdf,,Oil points,175.0,380.3,145.0,Valve gear,Horizontal,1,No,38,54,,,,,,,,,,
11-04-02,MUNCASTER4.2, Apr 2017,1 CYL HORIZONTAL MILL STEAM ENGINE WITH A SLIPPER CROSSHEAD BY H.MUNCASTER.,"THE ORIGINAL DRAWINGS WERE PUBLISHED IN THE ""MODEL ENGINEER"" MAGAZINE OF FEBTUARY 1957 UNDER THE HEADING OF ""THE MUNCASTER STEAM-ENGINE MODELS"".",www.modelesavapeur.com/telechargemennts/muncaster-4-complet.pdf,,3,,2nd of 3 projects in this pdf,,Oil points,127.0,296.5,122.0,Valve gear,Horizontal,1,No,38,44,,,,,,,,,,
11-04-03,MUNCASTER4.3, Jun 2017,1 CYL HORIZONTAL STEAM ENGINE WITH A CROSSHEAD TRUNK GUIDE BY H.MUNCASTER. ,"THE ORIGINAL DRAWINGS WERE PUBLISHED IN THE ""MODEL ENGINEER"" MAGAZINE OF FEBTUARY 1957 UNDER THE HEADING OF ""THE MUNCASTER STEAM-ENGINE MODELS"".",www.modelesavapeur.com/telechargemennts/muncaster-4-complet.pdf,,3,,3rd of 3 projects in this pdf,,Oil points,152.0,356.0,132.0,Valve gear,Horizontal,1,No,40,54,,,,,,,,,,
11-05-01,MUNCASTER5.1, Jun 2017,"1 CYL VERTICAL STEAM ENGINE ""STEAM HAMMER"" TYPE COLUMNS BY H.MUNCASTER.","THE ORIGINAL DRAWINGS WERE PUBLISHED IN THE ""MODEL ENGINEER"" MAGAZINE OF FEBTUARY 1957 UNDER THE HEADING OF ""THE MUNCASTER STEAM-ENGINE MODELS"".",www.modelesavapeur.com/telechargemennts/muncaster-5-complet.pdf,,3,,1st of 2 projects in this pdf,,Oil points,347.1,170.0,143.5,Valve gear,Vertical,1,No,50,50,,,,,,,,,,
11-05-02,MUNCASTER5.2, Jun 2017,1 CYL VERTICAL STEAM ENGINE OF THE SINGLE COLUMN TYPE BY H.MUNCASTER.,"THE ORIGINAL DRAWINGS WERE PUBLISHED IN THE ""MODEL ENGINEER"" MAGAZINE OF FEBTUARY 1957 UNDER THE HEADING OF ""THE MUNCASTER STEAM-ENGINE MODELS"".",www.modelesavapeur.com/telechargemennts/muncaster-5-complet.pdf,,4,,2nd of 2 projects in this pdf,Govenor,Oil points,343.5,190.2,166.0,Valve gear,Vertical,1,No,44,50,,,,,,,,,,
11-06-01,MUNCASTER6.1, Jun 2017,2 CYLINDER SIMPLE VERTICAL STEAM ENGINE BY H.MUNCASTER.,"THE ORIGINAL DRAWINGS WERE PUBLISHED IN THE ""MODEL ENGINEER"" MAGAZINE OF FEBTUARY 1957 UNDER THE HEADING OF ""THE MUNCASTER STEAM-ENGINE MODELS"".",www.modelesavapeur.com/telechargemennts/muncaster-6-complet.pdf,,4,,1st of 2 projects in this pdf,,Oil points,319.0,264.0,133.0,Valve gear,Vertical,2,No,44,48,,,,,,,,,,
11-06-02,MUNCASTER6.2, Jun 2017,2 CYLINDER VERTICAL COMPOUND STM ENG. WITH SPEED CONTROL BY H.MUNCASTER.,"THE ORIGINAL DRAWINGS WERE PUBLISHED IN THE ""MODEL ENGINEER"" MAGAZINE OF FEBTUARY 1957 UNDER THE HEADING OF ""THE MUNCASTER STEAM-ENGINE MODELS"".",www.modelesavapeur.com/telechargemennts/muncaster-6-complet.pdf,,5,,2nd of 2 projects in this pdf,Govenor,Oil points,324.5,245.9,160.0,Valve gear,Vertical,2,No,55,48,,,,,,,,,,
11-07-01,MUNCASTER7.1-, Jul 2017,1 CYLINDER ENTABLATURE STEAM ENGINE WITH SLIDING CROSSHEAD BY H.MUNCASTER. ,"THE ORIGINAL DRAWINGS WERE PUBLISHED IN THE ""MODEL ENGINEER"" MAGAZINE OF FEBTUARY 1957 UNDER THE HEADING OF ""THE MUNCASTER STEAM-ENGINE MODELS"".",www.modelesavapeur.com/telechargemennts/muncaster-7.pdf,,3,,,,Oil points,380.0,239.0,194.6,Valve gear,Vertical,1,No,47,48,,,,,,,,,,
11-10-01,MUNCASTER10.1, Jul 2017,"1 CYLINDER STEAM ENGINE KNOWN AS A ""GRASSHOPPER"" ENGINE BY H.MUNCASTER.","THE ORIGINAL DRAWINGS WERE PUBLISHED IN THE ""MODEL ENGINEER"" MAGAZINE OF FEBTUARY 1957 UNDER THE HEADING OF ""THE MUNCASTER STEAM-ENGINE MODELS"".",www.modelesavapeur.com/telechargemennts/muncaster-10-complet.pdf,,5,,"Doesn't list a stroke, and I can't be bothered doing trig","Beam, Govenor",Oil points,372.1,335.5,130.5,Valve gear,Vertical,1,No,45,,,,,,,,,,,
11-11-00,MUNCASTER11, Mar 2018,"2 CYL HORIZONTAL STEAM ENGINE WITH ""JOY"" VALVE GEAR BY H.MUNCASTER.","THE ORIGINAL DRAWINGS WERE PUBLISHED IN THE ""THE MODEL ENGINEER AND ELECTRICIAN"" MAGAZINE OF MARCH AND APRIL 1905 UNDER THE HEADING ""A MODEL HORIZONTAL ENGINE WITH JOY'S VALVE GEAR"" BY H. MUNCASTER.",www.modelesavapeur.com/telechargemennts/muncaster-11-.pdf,,7,,,,Oil cups and points,230.0,601.0,286.5,Valve gear,Horizontal,2,Yes,54,76,,,,,,,,,,
09C-33-00,, Nov 2018,"A MODEL OF A ""MUSGRAVE"" TYPE STEAM ENGINE","THIS DESIGN IS BASED ON A SINGLE DRAWING WHICH WAS GIVEN TO ME. THE ORIGINAL DRAWING WAS SIGNED AND DATED BY Mr. LOTHAR MATRIAN , DORTMUND, GERMANY.",www.modelesavapeur.com/telechargemennts/musgrav-engine.pdf,,4,,"Doesn't list a stroke, and I can't be bothered doing trig",,Oil points,294.0,240.0,169.0,Valve gear,Vertical,2,No,24,,,,,,,,,,,
09A-24-00,, Aug 2018,A SIMPLE 6 CYLINDER OSCILLATING STEAM ENGINE,"THIS DESIGN IS LOOSELY BASED ON A SET OF DRAWINGS WHICH WERE GIVEN TO ME. THE ORIGINAL DRAWINGS AND ARTICLE WERE PUBLISHED IN A UNSPECIFIED MAGAZINE (PAGES 26 TO 41) UNDER THE TITLE ""HULA-HULA ENGINE"" BY PHILIP DUCLOS.",www.modelesavapeur.com/telechargemennts/oscillant-6-radial-jdw-15-08-2018.pdf,,2,Switching inlet and outlet would take a lot of pipe work,,,Oil points,298.7,278.0,250.0,Oscillating,Radial,6,No,25,38,,,,,,,,,,
09A-23-00,, May 2018,1 CYLINDER OSCILLATING DOUBLE ACTING STEAM ENGINE WITH SLIDE VALVE,"THIS ENGINE WAS DESINGED BY P.ZAAL, ORIGINAL DRAWINGS WERE DATED 30-01-1944 AND PUBLISHED IN THE ""MODELBOUWER"" OF APRIL 1946 PAGES 37, 38 AND 39.",www.modelesavapeur.com/telechargemennts/oscillation-with-piston-jdw.pdf,,3,,,,Oil points,140.0,248.0,189.0,Oscillating,Horizontal,1,Flip Inlet,30,46,,,,,,,,,,
09E-25-00,, Jul 2018,A 2x1 CYLINDER STEAM ENGINE WITH REVERSER FOR A PADDLE STEAMER,"THE ORIGINAL DRAWINGS AND ARTICLE WERE GIVEN TO ME. THE ORIGINAL ARTICLE AND DRAWINGS WERE FIRST PUBLISHED IN THE ""MODEL ENGINEER"" MAGAZINE OF NOVEMBER 1955 UNDER THE TITLE ""POWER BY PADDLES"" BY E.T.WESTBURY",www.modelesavapeur.com/telechargemennts/paddle-engine-westbury.pdf,,6,,I think 2-07 is the reverser but it doesn't have a handle,Paddle Steamer,Oil cups,258.0,520.0,394.0,Valve gear,Horizontal,2,Yes,30,58,,,,,,,,,,
09C-27-00,RAWVSE, Nov 2017,"RICHES & WATTS ""A""-FRAME VERTICAL STEAM ENGINE 2N.H.P. CIRCA 1870-1875",THIS STEAM ENGINE IS BASED ON DRAWINGS GIVEN TO ME. AUTHOR AND DATE OF THE ORIGINAL DESIGN/DRAWINGS IS UNKOWN. ORIGINAL DRAWINGS DID NOT HAVE ANY DIMESIONS ATTACHED TO IT.,www.modelesavapeur.com/telechargemennts/rawvse-complet.pdf,,5,,,Govenor,Oil cups & cylinder oiler,373.3,205.0,184.0,Valve gear,Vertical,1,No,26,42,,,,,,,,,,
09E-33-00,, May 2019,A MODEL OF A REVOLVING CYLINDER STEAM ENGINE,THIS DESIGN IS BASED ON DRAWINGS WHICH WERE GIVEN TO ME. THIS TYPE OF DESIGN WAS FIRST PATENTED BY T.ROGERS ON 23 MARCH 1858,www.modelesavapeur.com/telechargemennts/revolving-steam-engine.pdf,,2,,Cant work out stroke,,None,165.0,160.0,110.0,Oscillating,Revolving,1,Flip Inlet,13,,,,,,,,,,,
09B-18-00,SCRAPBOX, Dec 2017,1 CYLINDER HORIZONTAL MILL STEAM ENGINE WITH CYLINDER CENTER EXHAUST,THIS STEAM ENGINE IS BASED ON DRAWINGS GIVEN TO ME. THE AUTHOR OF THE ORIGINAL DESIGN/DRAWINGS IS PAUL JACOBS. DATE UNKOWN. UNKNOWN MAGAZINE PAGES MARKED 66 TO 79,www.modelesavapeur.com/telechargemennts/scrapbox-jdw-19-12-2017.pdf,,4,,,,Oil points & cup,146.0,324.0,194.0,Valve gear,Horizontal,1,No,32,38,,,,,,,,,,
09C-31-00,, Jun 2018,A SIMPLE SINGLE VERTICAL SLIDE VALVE STEAM ENGINE,"THE ORIGINAL DRAWINGS AND THE ORIGINAL DESIGN WAS BY C.W.WOODSON. THE ACCOMPANIED ARTICLE AND THE DRAWINGS WERE PUBLISHED IN THE ""POPULAR SCIENCE"" MAGAZINE OF MARCH 1946. THE DRAWN ENGINE IS 1.5 THE SIZE THAN THE ORIGINAL.",www.modelesavapeur.com/telechargemennts/simple-vertical-cylinder-jdw.pdf,,3,,,,Oil points & cup,177.5,109.5,96.0,Valve gear,Vertical,1,No,24,24,,,,,,,,,,
09C-37-00,, May 2019,A MODEL OF A SIMPLE VERTICAL HEAVY DUTY STEAM ENGINE WITH REVERSER,"THIS DESIGN IS BASED ON DRAWINGS WHICH WERE GIVEN TO ME. THE ORIGINAL ENGINE DESIGN WAS CREATED BY Mr. KELLY KUBISCHTA, FOR NON-PROFFITPUBLICATION 2010. THE ENGINE PLANS ARE 1.5 TIMES LARGER THAN THE ORIGINAL. Note from author for ""Kelly's #1"" Vertical Stephenson Link Steam Engine. This Is a pretty hefty little engine. It will run on as little as 1psi and up to 120psi. Depending on how well its made.",www.modelesavapeur.com/telechargemennts/simple-with-reverser.pdf,,3,Uses ball bearings for the shaft,,,None,380.5,205.0,151.6,Valve gear,Vertical,1,Yes,38,56,,,,,,,,,,
09E-31-00,, Apr 2019,A MODEL OF A SIMPLE VERTICAL STEAM ENGINE WITH A ROTARY VALVE,"THIS DESIGN IS BASED ON DRAWINGS WHICH WERE GIVEN TO ME. THE ORIGINAL ENGINE WAS DESIGNED AND BUILT BY Mr. DAVID CROFT, THE DRAWINGS AND ARTICLE WERE PUBLISHED IN AN UNSPECIFIED MAGAZINE UNDER THE TITLE ""A STEAM ENGINE FOR THE NOVICE""",www.modelesavapeur.com/telechargemennts/simple-with-rotary-valve.pdf,,2,,,,Displacement lubricator,151.4,133.5,96.0,Rotary valve,Vertical,1,No,28,41,,,,,,,,,,
09C-30-00,, May 2018,A SIMPLE 1 CYLINDER VERTICAL STEAM ENGINE WITH SPOOL VALVE & REVERSER,THE ORIGINAL DRAWINGS WERE GIVEN TO ME. THE ORIGINAL DRAWINGS HAD IMPERIAL DIMENSIONING AND DO NOT SHOW THE NAME OF THE DESINGER AND/OR DRAFTER OR ANY DATE. (A SIMPLE MACHINE FOR A YOUNG BEGINNER ENGINEER),www.modelesavapeur.com/telechargemennts/single-cylinder-with-spool-and-reverse-jdw.pdf,,3,,,,Oil points,207.3,150.0,88.0,Spool Valve,Vertical,1,Yes,26,44,,,,,,,,,,
09E-27-00,, Aug 2018,A SIMPLE 1 CYLINDER SIMPSON&SHIPTON TYPE STEAM ENGINE.,"THIS DESIGN IS BASED ON A SET OF DRAWINGS WHICH WERE GIVEN TO ME. THE ORIGINAL DRAWINGS AND ARTICLE WERE PUBLISHED IN A UNSPECIFIED MAGAZINE (PAGES 6 TO 10) UNDER THE TITLE ""UNUSUAL STEAM ENGINE"" BY ROBERT S HEDIN.",www.modelesavapeur.com/telechargemennts/s-s-se-jdwaal.pdf,,3,,,,Oil points,261.0,204.0,261.0,Simpson & Shipton,Vertical,1,No,,,,,,,,,,,,
09E-26-00,, Jul 2018,A 2x1 CYLINDER STEAM ENGINE FOR A STERN-WHEEL PADDLE STEAMER,"THE ORIGINAL DRAWINGS AND ARTICLE WERE GIVEN TO ME. THE ORIGINAL ARTICLE AND DRAWINGS WERE FIRST PUBLISHED IN THE ""MODEL ENGINEER"" MAGAZINE OF AUGUST 1965 UNDER THE TITLE ""ENGINES FOR A STERN-WHEELER"" BY E.T.WESTBURY",www.modelesavapeur.com/telechargemennts/stern-engine-westbury.pdf,,5,,,Paddle Steamer,Oil cups,213.0,506.0,429.0,Valve gear,Horizontal,2,Yes,32,64,,,,,,,,,,
09-34-00,, May 2019,MODEL OF A REVOLVING CYLINDER STEAM ENGINE AS PATENTED BY T. ROGERS (1858),THIS DESIGN IS BASED ON DRAWINGS FOUND ON THE INTERNET,www.modelesavapeur.com/telechargemennts/t-rogers-1858-revolving-cylinder.pdf,,3,,,,Oil points,222.0,200.0,175.0,Oscillating,Revolving,1,Flip Inlet,26,26,,,,,,,,,,
01-32-00,, Aug 2018,A STEAM DRIVEN BOILER FEED PUMP. (1 CYL. VERT. STM ENG. 1 PISTON PUMP),"THIS DESIGN IS BASED ON DRAWINGS WHICH WERE GIVEN TO ME. THE ORIGINAL DRAWINGS AND ARTICLE WERE PUBLISHED IN THE ""MODEL ENGINEER"" MAGAZINE OF 16 JUNE 1978 UNDER THE TITLE ""MORE UTILITY STEAM ENGINES"" BY J..BERTNAT",www.modelesavapeur.com/telechargemennts/trojan-jdwaal.pdf,,4,I still list it as an engine because it has a PTO,Overlapping drawings on sheet 3,,Oil cups,260.0,220.0,208.0,Valve gear,Vertical,1,No,32,32,Yes,,,,,,,,,
9D-15-00,, Oct 2017,EXPERIMENTAL 2 CYLINDER HORIZONTAL VALVELESS STEAM ENGINE.(B=30mmxS=30mm),THIS ENGINE IS LOOSLY BASED ON SOME SKTECHES WHICH I FOUND IN AN OLD ENGINEERING MAGAZINE,www.modelesavapeur.com/telechargemennts/valveless-complet.pdf,https://vimeo.com/360241612?fl=pl&fe=sh,3,,,,Oil points,137.0,393.0,198.0,Valveless,Horizontal,2,No,30,30,,,,,,,,,,
09C-35-00.1,09C-35-00, Jan 2019,A MODEL OF A SIMPLE 1 AND 2 CYLINDER VERTICAL STEAM ENGINE WITH SLIDE VALVE,"THIS DESIGN IS BASED ON DRAWINGS WHICH WERE GIVEN TO ME. THE ORIGINAL ENGINE WAS DESIGNED AND BUILT BY Mr. IAN MARTIN, THE DRAWINGS WERE DATED APRIL 2013 STATUS AS BUILT. THIS ENGINE PLAN IS 2 TIMES LARGER THAN THE ORIGINAL",www.modelesavapeur.com/telechargemennts/vertical-simple-1-2-cylindres-1-.pdf,,6,1 and 2 cylinder versions on the same document,,Slide Valve,Oil cups,327.0,152.0,144.0,Valve gear,Vertical,1,No,44,50,,,,,,,,,,
09C-35-00.2,09C-35-00, Jan 2019,A MODEL OF A SIMPLE 1 AND 2 CYLINDER VERTICAL STEAM ENGINE WITH SLIDE VALVE,"THIS DESIGN IS BASED ON DRAWINGS WHICH WERE GIVEN TO ME. THE ORIGINAL ENGINE WAS DESIGNED AND BUILT BY Mr. IAN MARTIN, THE DRAWINGS WERE DATED APRIL 2013 STATUS AS BUILT. THIS ENGINE PLAN IS 2 TIMES LARGER THAN THE ORIGINAL",www.modelesavapeur.com/telechargemennts/vertical-simple-1-2-cylindres-1-.pdf,,6,1 and 2 cylinder versions on the same document,,Slide Valve,Oil cups,327.0,152.0,144.0,Valve gear,Vertical,2,No,44,50,,,,,,,,,,
09C-28-00,WALLER, Dec 2017,1 CYLINDER VERTICAL WALLER'S TABLE ENGINE DESIGNED BY ANTHONY MOUNT ,"THE ORIGINAL DRAWINGS WERE SEND TO ME. THE ORIGINAL DESIGN DRAWINGS WERE PUBLISHED IN ""ENGINEERING IN MININATURE"" MAGAZINE IN MARCH 1998 UNDER THE TITLE ""WALLER'S TABLE ENGINE DESIGNED BY ANTHONY MOUNT""",www.modelesavapeur.com/telechargemennts/waller-a3.pdf,,6,,Has a regulator,Govenor,Oil cups,753.0,533.0,440.0,Valve gear,Vertical,1,No,44,92,,,,,,,,,,
09E-49-00,, Sep 2020,1 CYLINDER BALANCED BEAM STEAM ENGINE (BORE=25mm STROKE=50mm),THE ORIGNAL DRAWINGS WERE GIVEN TO ME. THE AUTHOR/DRAFTER AND PUBLISHING MAGAZINE ARE UNKNOWN. THE ENGINE SHOWN ON THESE DRAWINGS ARE TO THE ORIGINAL SCALE. SOME SMALL ALTERATIONS HAVE BEEN ADDED.,www.modelesavapeur.com/telechargemens7j/1-cylinder-balanced-beam-steam-engine-1-.pdf,,5,,,Beam,Oil points,285.4,358.0,187.0,Valve gear,Vertical,1,No,25,50,,,,,,,,,,
09B-29-00,, Sep 2020,"1 CYLINDER HORIZONTAL MILL ENGINE NON REVERSING CALLED ""SALLY"" (B=24 S=48mm)","THE ORIGINAL DRWINGS WERE GIVEN TO ME. THE ORIGINAL DRAWINGS WERE PUBLISHED IN THE ""MODEL ENGINEER"" MAGAZINE OF 1992, ARTICLES WRITTEN BY TUBAL CAIN. ENGINE SHOWN ON THESE DRAWINGS IS 1.5 TIMES LARGER THEN ORIGINAL",www.modelesavapeur.com/telechargemens7j/1-cylinder-horizontal-mill-steam-engine-non-reversible-called-sally.pdf,,4,,,,Oil points,102.5,116.5,308.5,Valve gear,Horizontal,1,No,24,48,,,,,,,,,,
09B-43-00,, Aug 2024,"1 CYLINDER HORIZONTAL, NON REVERSABLE, STEAM ENGINE. (BORE=30mmxSTROKE=34mm)","THE ORIGINAL DRAWING WAS GIVEN TO ME. NO TITLE, AUTHOR(S) OR DATE WAS PRINTED ON THE ORIGNAL DRAWING. THE ONLY INFORMATION: ""TINY POWER 10-SERIES STEAM ENGINES"". THE ENGINE SHOWN ON THESE DRAWINGS IS 1.5 TIMES LARGER THAN THE ORIGINAL",www.modelesavapeur.com/telechargemens7j/1-cylinder-horizontal-non-reversable-steam-engine..pdf,,3,,,,Oil cups,119.5,255.0,132.5,Valve gear,Horizontal,1,No,30,34,,,,,,,,,,
09B-27-00,, Sep 2020,1 CYLINDER HORIZONAL STEAM ENGINE NON REVERSING (BORE=30mm x STROKE=28mm),THIS DESIGN IS LOOSELY BASED ON DRAWINGS WHICH WERE GIVEN TO ME. THE ORIGINAL DRAWINGS REFERENCE IS STUART 10H. NO REFERENCE DRAWINGNUMBER. THIS ENGINE IS 1.5 TIMES LARGER THAN THE ORIGINAL,www.modelesavapeur.com/telechargemens7j/1-cylinder-horizontal-steam-engine-non-reversible-1-.pdf,,4,,,,Oil points,136.0,248.5,130.0,Valve gear,Horizontal,1,No,30,28,,,,,,,,,,
09A-30-00,, Sep 2020,1 CYL. OSCIL. STM ENG. BY JAMES HAMER WHITE HORNE-YARD HIGH HOLBURN (18??),"THE ORIGINAL DRAWING WAS PUBLISHED ON THE FOLLOWING WEBSITE: ""MODELENGINEERINGWEBSITE"" RUN BY DAVID CARPENTER. NO DIMENSION AND/OR SCALE WAS SHOWN.",www.modelesavapeur.com/telechargemens7j/1-cylinder-steam-engine-by-james-hamer.pdf,,4,,,,Oil points,441.0,300.0,134.0,Oscillating,Vertical,1,Yes,32,80,,,,,,,,,,
09C-61-00,, Aug 2024,"1 CYLINDER VERTICAL, NON REVERSABLE, STEAM ENGINE. (BORE=30mmxSTROKE=34mm)","THE ORIGINAL DRAWING WAS GIVEN TO ME. NO TITLE, AUTHOR(S) OR DATE WAS PRINTED ON THE ORIGNAL DRAWING. THE ONLY INFORMATION: ""TINY POWER 10-SERIES STEAM ENGINES"". THE ENGINE SHOWN ON THESE DRAWINGS IS 1.5 TIMES LARGER THAN THE ORIGINAL",www.modelesavapeur.com/telechargemens7j/1-cylinder-vertical-non-reversable-steam-engine.pdf,,3,,,,Oil cups,237.0,145.0,124.0,Valve gear,Vertical,1,No,30,34,,,,,,,,,,
09C-63-00,, Aug 2024,"1 CYLINDER VERTICAL, NON REVERSABLE, STEAM ENGINE CALLED ""BLACK NIGHT""","THE ORIGINAL DRAWING WAS GIVEN TO ME. THE TITLE WAS ""BLACK NIGHT-STEAM ENGINE"", DWG NUMBER L-609,DRAWN BY 'EED', DATED 12/76. THE ENGINE SHOWN ON THESE DRAWINGS IS 1.5 TIMES LARGER THAN THE ORIGINAL DESIGN.",www.modelesavapeur.com/telechargemens7j/1-cylinder-vertical-non-reversable-steam-engine-called-black-night.pdf,,2,,,,None,167.0,107.0,96.0,Valve gear,Vertical,1,No,26,26,,,,,,,,,,
09C-50-00,STUART 10V, Sep 2020,1 CYLINDER VERTICAL STEAM ENGINE WITH REVERSER (BORE=30mm x STROKE=28mm),THIS DESIGNE IS LOOSELY BASED ON DRAWINGS WHICH WERE GIVEN TO ME. THE DESIGNER OR PUBLISHING MAGAZINE OF THE ORIGINAL DRAWINGS IS UNKNOWN. THE ONLY REFERENCE IS A DRAWINGNUMBER: DRG. 70207. THIS ENGINE IS 1.5 TIMES LARGER THAN THE ORIGINAL,www.modelesavapeur.com/telechargemens7j/1-cylinder-vertical-steam-engine-with-reverser.pdf,,4,,,,Oil points,224.5,143.5,114.0,Valve gear,Vertical,1,Yes,30,28,,,,,,,,,,
09B-28-00,, Sep 2020,2 CYLINDER HORIZONAL STEAM ENGINE NON REVERSING (BORE=30mm x STROKE=28mm),THIS DESIGN IS LOOSELY BASED ON DRAWINGS WHICH WERE GIVEN TO ME. THE ORIGINAL DRAWINGS REFERENCE IS STUART 10H DOUBLE. REFERENCE DRAWINGNUMBER: DRG 70224. THIS ENGINE IS 1.5 TIMES LARGER THAN THE ORIGINAL,www.modelesavapeur.com/telechargemens7j/2-cylinder-horizontal-steam-engine-non-reversing-1-.pdf,,4,,,,Oil points,135.5,248.5,202.0,Valve gear,Horizontal,2,No,30,28,,,,,,,,,,
09C-62-00,, Aug 2024,"2 CYLINDER VERTICAL, NON REVERSABLE, STEAM ENGINE. (BORE=30mmxSTROKE=34mm)","THE ORIGINAL DRAWING WAS GIVEN TO ME. NO TITLE, AUTHOR(S) OR DATE WAS PRINTED ON THE ORIGNAL DRAWING. THE ONLY INFORMATION: ""TINY POWER 10-SERIES STEAM ENGINES"". THE ENGINE SHOWN ON THESE DRAWINGS IS 1.5 TIMES LARGER THAN THE ORIGINAL",www.modelesavapeur.com/telechargemens7j/2-cylinder-vertical-non-reversable-steam-engine.pdf,,3,,,,Oil cups,235.4,235.0,124.0,Valve gear,Vertical,2,No,30,34,,,,,,,,,,
09C-51-00,, Sep 2020,2 CYLINDER VERTICAL STEAM ENGINE NON REVERSING (BORE=30mm x STROKE=28mm),THIS DESIGNE IS LOOSELY BASED ON DRAWINGS WHICH WERE GIVEN TO ME. THE ORIGINAL DRAWINGS REFERENCE IS STUART 10V DOUBLE DRAWINGNUMBER: DRG. 80015 AND 60927/A. THIS ENGINE IS 1.5 TIMES LARGER THAN THE ORIGINAL,www.modelesavapeur.com/telechargemens7j/2-cylinder-vertical-steam-engine-non-reversing.pdf,,4,,,,Oil points,202.5,205.0,116.1,Valve gear,Vertical,2,No,30,28,,,,,,,,,,
09B-41-00,, Jul 2024,"A 1 CYLINDER HORIZONTAL STEAM ENGINE MODEL OF ""CRETORS POPCORN"" ENGINE","THE ORIGINAL DRAWINGS WERE GIVEN TO ME: DWG No M76-6004-C DATED 14-9-76, TITLE: ""CRETORS POPCORN STEAM ENGINE - MODEL ECX"" AND DWG No M76-6003-C DATED 25-5-76, TITTLE ""FLY-BALL GOVERNOR MODEL ECX"" BOTH BY R. BROMPS. (CONV. FROM IMPERIAL TO METRIC)",www.modelesavapeur.com/telechargemens7j/a-1-cylinder-horizontal-steam-engine-model-of-cretors-popcorn-engine.pdf,,4,,,Govenor,Oil cups,273.8,560.0,240.0,Valve gear,Horizontal,1,No,38,72,,,,,,,,,,
09C-58-01,, Jun 2023,"A HIGH SPEED UNIFLOW STEAM ENGINE WITH A PISTON TYPE VALVE CALLED ""SPARTAN""","THE ORIGINAL DRAWING WAS GIVEN TO ME. THE TITLE OF THE ORIGINAL DRAWING WAS: ""THE ""SPARTAN"" HIGH-SPEED UNIFLOW STEAM ENGINE"" (WITH ALTERNATIVE POPPET-VALVE OR PISTON-VALVE GEAR) BY EDGAR T. WESTBURY. NO DATE OR DRAFTER STATED. THE ENGINE SHOWN ON THESE DRAWINS IS 1.5x THE ORIGINAL SIZE ALSO CONVERTED FROM IMPERIAL TO METRIC.",www.modelesavapeur.com/telechargemens7j/a-high-speed-uniflow-steam-engine-with-a-piston-type-valve-called-spartan.pdf,,3,The poppet valve version is 09C58-00. Has a regulator,,,Oil points,165.8,165.5,95.0,Valve gear,Vertical,1,No,29,30,,,,,,,,,,
09C-58-00,, Jun 2023,"A HIGH SPEED UNIFLOW STEAM ENGINE WITH POPPET VALVE CALLED ""SPARTAN""","THE ORIGINAL DRAWING WAS GIVEN TO ME. THE TITLE OF THE ORIGINAL DRAWING WAS: ""THE ""SPARTAN"" HIGH-SPEED UNIFLOW STEAM ENGINE"" (WITH ALTERNATIVE POPPET-VALVE OR PISTON-VALVE GEAR) BY EDGAR T. WESTBURY. NO DATE OR DRAFTER STATED. THE ENGINE SHOWN ON THESE DRAWINS IS 1.5x THE ORIGINAL SIZE ALSO CONVERTED FROM IMPERIAL TO METRIC.",www.modelesavapeur.com/telechargemens7j/a-high-speed-uniflow-steam-engine-with-poppet-valve-called-spartan.pdf,,3,The piston valve version is 09C58-01. Has a regulator,,,Oil points,165.8,165.5,95.0,Poppet valve,Vertical,1,No,29,30,,,,,,,,,,
09E-51-00,, Nov 2020,"A MODEL OF A STEAM ENGINE TO THE ""DAKE"" DESIGN.","THE ORIGINAL DRAWINGS WERE GIVEN TO ME. THE ORIGINAL DRAWINGS WERE BY STEWART HART. FROM ""POTTY ENGINEERING"". THE DRAWINGS WERE DATED JULY 2012. DRAWING TITLE WAS ""POTTY DAKE ENGINE"".",www.modelesavapeur.com/telechargemens7j/a-model-of-a-steam-engine-to-the-dake-design.pdf,,3,,"Length wasn't listed, so I mesured pixels",,None,238.0,151.7,138.0,Dake,,1,Yes,,,,,,,,,,,,
09C-59-00,, Jul 2024,"A MODEL OF A VERTICAL STEAM ENGINE (REVERSABLE) CALLED ""MONARCH""","THE ORIGINAL DRAWING WAS GIVEN TO ME. THE TITLE WAS ""MONARCH"". THE ORIGINAL DESIGN WAS MY Mr BELLAMY IN 1947, RVISED BY D.C.PIDDINGTON IN 1979. THE ENGINE SHOWN ON THESE DRAWINS IS 1.5 TIMES LARGER AND CONVERTED FROM IMPERIAL TO METRIC",www.modelesavapeur.com/telechargemens7j/a-model-of-a-vertical-steam-engine-reversable-called-monarch.pdf,,3,,,,Oil points,226.0,137.0,137.6,Valve gear,Vertical,1,Yes,30,32,,,,,,,,,,
09E-47-00,, Aug 2020,A SIMPLE 1 CYLINDER BALANCED BEAM STEAM ENGINE (BORE=28mm STROKE=40mm),THE ORIGINAL DRAWINGS WERE GIVEN TO ME. THE ORIGINAL DESIGNDRAWINGS WERE BY PATRICK J. VERNER AND DATED BETWEEN 28/05/200 AND 29-7-2000. MY DESIGN IS 1.5 TIMES LARGER THAN THE ORIGINAL. SOME CORRECTIONS/ALTERATIONS ARE INCORPORATED.,www.modelesavapeur.com/telechargemens7j/a-simple-1-cylinder-balanced-beam-steam-engine.pdf,,5,,,Beam,Oil points,217.4,381.5,143.0,Valve gear,Vertical,1,No,28,40,,,,,,,,,,
09B-42-00,, Jul 2024,A SIMPLE HORIZONTAL NON REVERSABLE STEAM ENGINE. (19mm BORE x 25mm STROKE),"THE ORIGINAL DRAWING WAS GIVEN TO ME. THE TITLE OF THE ORIGINAL IS: ""PERSEUS HORIZONTAL STATIONARY ENGINE 3/4"" BORE 1"" STROKE"" BY EDGAR T. WESBURY. (M.20), NO DATE STATED. (CONVERTED FROM IMPERIAL TO METRIC UNITS)",www.modelesavapeur.com/telechargemens7j/a-simple-horizontal-non-reversable-steam-engine.pdf,,3,,,,Oil points,87.5,199.0,105.5,Valve gear,Vertical,1,No,19,25,,,,,,,,,,
09A-36-00,, Jul 2024,"A ""V""-SHAPE OSCILLATING STEAM ENGINE, REVERSABLE, (BORE 22mm x 22mm STROKE)","THE ORIGINAL DRAWINGS WERE GIVEN TO ME. TITLE ON THE ORIGINAL DRAWING WAS: ""2 CYLINDER, 90 V, OSCILLATING ENGINE"". DR No 2CO, DATED 1-5-65. THE ENGINE SHOWN ON THESE DRAWINGS IS TWICE THE ORIGINAL AND CONVERTED FROM IMPERIAL TO METRIC.",www.modelesavapeur.com/telechargemens7j/a-v-shape-oscillating-steam-engine-reversa.pdf,,2,,,,None,117.3,156.4,120.5,Oscillating,V,2,Flip Inlet,22,22,,,,,,,,,,
09D-22-00,, Jan 2021,EXPERIMENTAL 2 CYL. HORIZ. STEAM ENGINE USING THE SLIDE VALVES AS REVERSER,DESIGNED BY J.A.M. DE WAAL,www.modelesavapeur.com/telechargemens7j/exp-rimental-2-cylnder-horizontal-steam-engine-using-the-slide-valve-as-reverser.pdf,,4,,,,Oil points,93.5,275.0,190.0,Valve gear,Horizontal,2,Yes,30,42,,,,,,,,,,
10-01-00,EVG-P01X2, Jan 2016,,,www.modelesavapeur.com/telechargement7/elmer-01.pdf,,,,,,,,,,,,,,,,,,,,,,,,,
10-02-00,EVG-P02, Jan 2016,,,www.modelesavapeur.com/telechargement7/elmer-02.pdf,,,,,,,,,,,,,,,,,,,,,,,,,
10-03-00,EVG-P03, Jan 2016,,,www.modelesavapeur.com/telechargement7/elmer-03.pdf,,,,,,,,,,,,,,,,,,,,,,,,,
10-04-00,EVG-P04, Jan 2016,,,www.modelesavapeur.com/telechargement7/elmer-04.pdf,,,,,,,,,,,,,,,,,,,,,,,,,
10-05-00,EVG-P05, Jan 2016,,,www.modelesavapeur.com/telechargement7/elmer-05.pdf,,,,,,,,,,,,,,,,,,,,,,,,,
10-06-00,EVG-P06, Jan 2016,,,www.modelesavapeur.com/telechargement7/elmer-06.pdf,,,,,,,,,,,,,,,,,,,,,,,,,
10-07-00,EVG-P07, Jan 2016,,,www.modelesavapeur.com/telechargement7/elmer-07.pdf,,,,,,,,,,,,,,,,,,,,,,,,,
10-08-00,EVG-P08, Jan 2016,,,www.modelesavapeur.com/telechargement7/elmer-08.pdf,,,,,,,,,,,,,,,,,,,,,,,,,
10-09-00,EVG-P09, Jan 2016,,,www.modelesavapeur.com/telechargement7/elmer-09.pdf,,,,,,,,,,,,,,,,,,,,,,,,,
10-10-00,EVG-P10, Jan 2016,,,www.modelesavapeur.com/telechargement7/elmer-10.pdf,,,,,,,,,,,,,,,,,,,,,,,,,
10-11-00,EVG-P11, Jan 2016,,,www.modelesavapeur.com/telechargement7/elmer-11.pdf,,,,,,,,,,,,,,,,,,,,,,,,,
10-12-00,EVG-P12, Jan 2016,,,www.modelesavapeur.com/telechargement7/elmer-12.pdf,,,,,,,,,,,,,,,,,,,,,,,,,
10-13-00,EVG-P13, Jan 2016,,,www.modelesavapeur.com/telechargement7/elmer-13.pdf,,,,,,,,,,,,,,,,,,,,,,,,,
10-14-00,EVG-P14, Feb 2016,,,www.modelesavapeur.com/telechargement7/elmer-14.pdf,,,,,,,,,,,,,,,,,,,,,,,,,
10-15-00,EVG-P15, Feb 2016,,,www.modelesavapeur.com/telechargement7/elmer-15.pdf,,,,,,,,,,,,,,,,,,,,,,,,,
10-16-00,EVG-P16, Feb 2016,,,www.modelesavapeur.com/telechargement7/elmer-16.pdf,,,,,,,,,,,,,,,,,,,,,,,,,
10-17-00,EVG-P17, Feb 2016,,,www.modelesavapeur.com/telechargement7/elmer-17.pdf,,,,,,,,,,,,,,,,,,,,,,,,,
10-18-00,EVG-P18, Jan 2016,,,www.modelesavapeur.com/telechargement7/elmer-18.pdf,,,,,,,,,,,,,,,,,,,,,,,,,
10-19-00,EVG-P19, Feb 2016,,,www.modelesavapeur.com/telechargement7/elmer-19.pdf,,,,,,,,,,,,,,,,,,,,,,,,,
10-20-00,EVG-P20, Feb 2016,,,www.modelesavapeur.com/telechargement7/elmer-20-a.pdf,,,,,,,,,,,,,,,,,,,,,,,,,
10-22-00,EVG-P22, Feb 2016,,,www.modelesavapeur.com/telechargement7/elmer-22-evg-p22-a3-sheet-01.pdf,,,,,,,,,,,,,,,,,,,,,,,,,
10-23-00,EVG-P23, Feb 2016,,,www.modelesavapeur.com/telechargement7/elmer-23.pdf,,,,,,,,,,,,,,,,,,,,,,,,,
10-24-00,EVG-P24, Feb 2016,,,www.modelesavapeur.com/telechargement7/elmer-24.pdf,,,,,,,,,,,,,,,,,,,,,,,,,
10-25-00,EVG-P25, Feb 2016,,,www.modelesavapeur.com/telechargement7/elmer-25.pdf,,,,,,,,,,,,,,,,,,,,,,,,,
10-26-00,EVG-P26, Mar 2016,,,www.modelesavapeur.com/telechargement7/elmer-26.pdf,,,,,,,,,,,,,,,,,,,,,,,,,
10-27-00,EVG-P27, Mar 2016,,,www.modelesavapeur.com/telechargement7/elmer-27.pdf,,,,,,,,,,,,,,,,,,,,,,,,,
10-28-00,EVG-P28, Mar 2016,,,www.modelesavapeur.com/telechargement7/elmer-28.pdf,,,,,,,,,,,,,,,,,,,,,,,,,
10-29-00,EVG-P29, Mar 2016,,,www.modelesavapeur.com/telechargement7/elmer-29.pdf,,,,,,,,,,,,,,,,,,,,,,,,,
10-30-00,EVG-P30, Mar 2016,,,www.modelesavapeur.com/telechargement7/elmer-30.pdf,,,,,,,,,,,,,,,,,,,,,,,,,
10-32-00,EVG-P32, Mar 2016,,,www.modelesavapeur.com/telechargement7/elmer-32-a.pdf,,,,,,,,,,,,,,,,,,,,,,,,,
10-33-00,EVG-P33, Mar 2016,,,www.modelesavapeur.com/telechargement7/elmer-33.pdf,,,,,,,,,,,,,,,,,,,,,,,,,
10-34-00,EVG-P34, Mar 2016,,,www.modelesavapeur.com/telechargement7/elmer-34.pdf,,,,,,,,,,,,,,,,,,,,,,,,,
10-35-00,EVG-P35, Mar 2016,,,www.modelesavapeur.com/telechargement7/elmer-35.pdf,,,,,,,,,,,,,,,,,,,,,,,,,
10-36-00,EVG-P36, Mar 2016,,,www.modelesavapeur.com/telechargement7/elmer-36.pdf,,,,,,,,,,,,,,,,,,,,,,,,,
10-37-00,EVG-P37, Dec 2016,,,www.modelesavapeur.com/telechargement7/elmer-37.pdf,,,,,,,,,,,,,,,,,,,,,,,,,
10-38-00,EVG-P38, Mar 2016,,,www.modelesavapeur.com/telechargement7/elmer-38.pdf,,,,,,,,,,,,,,,,,,,,,,,,,
10-39-00,EVG-P39, Mar 2016,,,www.modelesavapeur.com/telechargement7/elmer-39.pdf,,,,,,,,,,,,,,,,,,,,,,,,,
10-40-00,EVG-P40, Apr 2016,,,www.modelesavapeur.com/telechargement7/elmer-40.pdf,,,,,,,,,,,,,,,,,,,,,,,,,
10-41-00,EVG-P41, Apr 2016,,,www.modelesavapeur.com/telechargement7/elmer-41.pdf,,,,,,,,,,,,,,,,,,,,,,,,,
10-42-00,EVG-P42, Apr 2016,,,www.modelesavapeur.com/telechargement7/elmer-42.pdf,,,,,,,,,,,,,,,,,,,,,,,,,
10-43-00,EVG-P43, Apr 2016,,,www.modelesavapeur.com/telechargement7/elmer-43.pdf,,,,,,,,,,,,,,,,,,,,,,,,,
10-44-00,EVG-P44, Apr 2016,,,www.modelesavapeur.com/telechargement7/elmer-44.pdf,,,,,,,,,,,,,,,,,,,,,,,,,
10-45-00,EVG-P45, Apr 2016,,,www.modelesavapeur.com/telechargement7/elmer-45.pdf,,,,,,,,,,,,,,,,,,,,,,,,,
10-46-00,EVG-P46, Apr 2016,,,www.modelesavapeur.com/telechargement7/elmer-46.pdf,,,,,,,,,,,,,,,,,,,,,,,,,
10-47-00,EVG-P47, Apr 2016,,,www.modelesavapeur.com/telechargement7/elmer-47.pdf,,,,,,,,,,,,,,,,,,,,,,,,,
10-48-00,EVG-P48, Apr 2016,,,www.modelesavapeur.com/telechargement7/elmer-48.pdf,,,,,,,,,,,,,,,,,,,,,,,,,
10-49-00,EVG-P49, Apr 2016,,,www.modelesavapeur.com/telechargement7/elmer-49.pdf,,,,,,,,,,,,,,,,,,,,,,,,,
10-50-00,EVG-P50, Apr 2016,,,www.modelesavapeur.com/telechargement7/elmer-50.pdf,,,,,,,,,,,,,,,,,,,,,,,,,
10-51-00,EVG-P51, Apr 2016,,,www.modelesavapeur.com/telechargement7/elmer-51.pdf,,,,,,,,,,,,,,,,,,,,,,,,,
10-52-00,EVG-P52, Apr 2016,,,www.modelesavapeur.com/telechargement7/elmer-52.pdf,,,,,,,,,,,,,,,,,,,,,,,,,
09A-44-00,, Jan 2025,A COMPLETE STEAM PLANT WITH VERTICAL OSCILLATING ENGINE AND BOILER.,,www.modelesavapeur.com/telechargements0/09a-44.pdf,,,,,,,,,,,,,,,,,,,,,,,,,
09A-52-00,, Jan 2025,,,www.modelesavapeur.com/telechargements0/09a-52.pdf,,,,,,,,,,,,,,,,,,,,,,,,,
09A-63-00,, Aug 2025,,,www.modelesavapeur.com/telechargements0/09a-63-00.pdf,,,,,,,,,,,,,,,,,,,,,,,,,
01-52-00,, Jan 2023,A BOILER FOR A GWR 0-4-2 14XX CLASS 5inch LOCOMOTIVE,FOUND HE ORIGINAL DRAWING(S) ON THE INTERNET AND WERE SIGNED BY C.J.STROETINGO? DATED JUNE 1996,,,4,,,,,,,,,,,,,,,Loco,Horizontal,,,,,,,
01-42-00,, Nov 2020,A DONKEY SKID/SLEDGE MOUNTED COAL FIRED BOILER,"THE ORIGINAL DRAWINGS WERE GIVEN TO ME. THE AUTHOR(S), DRAFTER(S), ORIGINATOR(S) ARE UNKOWN. NO TITLE BLOCK TO BE FOUND ON THE DRAWINGS. THE ORIGINAL DRAWING WERE IN FRENCH.",,,,,,,,,,,,,,,,,,,Vertical,,,,,,,
07E-17-00,, Mar 2018,MODEL OF A GAS FIRED NARROW GAUGE RAILCAR FOR 2.5INCH/64mm GAUGE,THIS ENGINE IS LOOSELY BASED ON THE ORIGINAL DESIGN BY Mr J.P. DUVAL.THE DRAWINGS WERE FOUND THE INTERNET ON THE WEBSITE OF JOHN TOM (www.john-tom.com),www.modelesavapeur.com/telechargemennts/automotrice-vapeur-j.p-duval-jdw.pdf,,9,,"Raster scan, not vector",,,307.5,870.3,206.0,,,,,,,,,,,,Tram,Steam,Gass,"2.5"" 64mm",
03-18-02,, Sep 2025,"DESIL-ELECTRIC LOCOMOTIVE OF THE BRITISH RAILWAY CLASS 08 (127mm/5"" GAGUE)","THIS ENGINE IS BASED ON AN EARLIER PROKECT (03-18-00) WHICH WAS DRAWN UP IN OCTOBER 2019. THIS ENGINE SHOWN ON THESE DRAWINGS IS A CONVERSION FROM 89mm/3.5"" GAGUE",www.modelesavapeur.com/telechargement5/03-18-02.pdf,,,,,,,,,,,,,,,,,,,,,Loco,Diesel,Unpowered,"5"" 127mm",
02-02-00,, Sep 2022,A BACK-YARD (GARDEN) TOY LOCOMOTIVE ELECTRICALLY OPERATED (PUSH/PULL COILS),"FOUND THE ORIGINAL DRAWINGS ON THE INTERNET. TITLE OF THE DOCUMENTATION IS: ""BACK-YARD RAILROAD"" BY W. CLYDE LAMMEY. DESIGN AND BUILD BY ROBERT WOOLSON. TO DOWN LOAD ORIGINALS GO TO: https://www.scribd.com/document/2532299/Train-Backyard-Toy#sidebar",www.modelesavapeur.com/telechargement5/a-back-yard-garden-toy-locomotive-electricaly-operated.pdf,,,Includes track and wiring,,,,,,,,,,,,,,,,,,Loco,Steam,Electric,375mm,
LRP-G-45,, Mar 2012,LARGE RADIUS (R1200) POINT FOR G-GAUGE 45mm (LIVE FROG),,www.modelesavapeur.com/telechargement5/aiguillage-grand-rayon-45mm.pdf,,,,,,,,,,,,,,,,,,,,,Track,-,Electric,45mm,
BT-45-A502,, Sep 2012,"THE ""BLAUWE TRAM"" OF THE NZH MOTOR WAGON A502 AND WAGON B501",,www.modelesavapeur.com/telechargement5/blauwe-tram-a502-a501-45mm-2015.pdf,,,,,,,,,,,,,,,,,,,,,Tram,Electric,Unpowered,45mm,
BT-A502-B501,, Feb 2012,"THE ""BLAUWE TRAM"" OF THE NZH MOTOR WAGON A502 AND WAGON B501",,www.modelesavapeur.com/telechargement5/blauwe-tram-a502-a501-64mm-2015.pdf,,,,,,,,,,,,,,,,,,,,,Tram,Electric,Unpowered,"2.5"" 64mm",
BT-WD-500S,, Mar 2012,"THE ""BLAUWE TRAM"" OF THE NZH MOTOR WAGON A502 AND WAGON B501",,www.modelesavapeur.com/telechargement5/blauwe-tram-a502-a501-184mm-2015.pdf,,,,,,,,,,,,,,,,,,,,,Tram,Electric,Unpowered,184mm,
01-04-01-02-01,CPLNG-A, Aug 2010,COUPLING FOR LGB SCALE TRAINS BASED ON NZ RAILWAYS,,www.modelesavapeur.com/telechargement5/cplg-a-sheet-01.pdf,,1,AKA: CPLNG-A,,,,,,,,,,,,,,,,,,Coupling,-,-,LGB,
01-04-01-02-02,CPLNG-B, Aug 2010,COUPLING FOR LGB SCALE TRAINS BASED ON LGB DESIGN,,www.modelesavapeur.com/telechargement5/cplg-b-sheet-01.pdf,,1,AKA: CPLNG-B,,,,,,,,,,,,,,,,,,Coupling,-,-,LGB,
01-04-01-02-03,CPL-D-C, Aug 2010,COUPLING FOR LGB SCALE TRAINS,,www.modelesavapeur.com/telechargement5/cplg-c-sheet-01.pdf,,1,AKA: CPL-D-C,,,,,,,,,,,,,,,,,,Coupling,-,-,LGB,
01-04-01-02-04,CPLNG-E, Aug 2010,COUPLING FOR LGB SCALE TRAINS BASED ON NZ RAILWAYS,,www.modelesavapeur.com/telechargement5/cplg-e-sheet-01.pdf,,1,AKA: CPLNG-E,,,,,,,,,,,,,,,,,,Coupling,-,-,LGB,
01-04-01-02-05,CPLNG-F, Aug 2010,COUPLING FOR LGB SCALE TRAINS BASED ON AMERICAN BUSH TRAM RAILWAYS,,www.modelesavapeur.com/telechargement5/cplg-f-sheet-01.pdf,,1,AKA: CPLNG-F,,,,,,,,,,,,,,,,,,Coupling,-,-,LGB,
03-17-00,, Apr 2019,"A MODEL OF A DIESEL ELECTRIC LOCOMOTIVE OF THE DUTCH RAILWAYS SERIES 400 89mm GAUGE (3.5"") (CALLED ""GROTE SIK"")","THIS DESIGN IS BASED ON DRAWINGS FOUND IN A DUTCH MODEL ENGINEERING MAGAZINE ""DE MODELBOUWER"" 15 FEBRUARY 1949 PAGES 23, 24, 25 AND 26. THE DESIGNER WAS Mr G.C.SCHALK Jr Ing. -UTRECHT. NVM (40.006.-A&B)-20.02.002",www.modelesavapeur.com/telechargement5/diesel-electric-gr-te-sik.pdf,,,,,,,,,,,,,,,,,,,,,Loco,Diesel,Unpowered,"3.5"" 89mm",
03-18-01,, May 2023,"DIESEL-ELECTRIC LOCOMOTIVE OF THE BRITISH RAILWAYS CLASS 08. (7.5""/190.5 GAUGE)","THIS ENGINE IS BASED ON AN EARLIER PROJECT (03-18-00) WHICH WAS DRAWN UP IN OCTOBER 2019. THIS ENGINE SHOWN ON THESE DRAWINGS IS A CONVERSION FROM 3.5""/89mm TO 7.5""/190.5mm GAUGE",www.modelesavapeur.com/telechargement5/diesel-electric-locomotive-of-the-raiways.pdf,,,,,,,,,,,,,,,,,,,,,Loco,Diesel,Unpowered,"7.5"" 190.5mm",
03-18-00,, Oct 2019,DIESEL-ELECTRIC LOCOMOTIVE OF THE DUTCH RAILWAYS SERIES 500. (LOCO 512),"THIS DESIGN IS BASED ON DRAWINGS WHICH WERE PUBLISHED IN THE ""MODELBOUWER"" MAGAZINE(S): APRIL-1953, MAY-1953, JUNE-1953, JULY-1953, MARCH-1954, NVM DRAWING NUMBER 40014.",www.modelesavapeur.com/telechargement5/diesel-lectric-dush-railways-500.pdf,,,,,,,,,,,,,,,,,,,,,Loco,Diesel,Unpowered,"3.5"" 89mm",
CHATTENDEN,, Nov 2012,"DIESEL SHUNTING LOCO ""CHATTENDEN"" OF THE WELSHPOOL & LLANFAIR LIGHT RAILWAY",THE WELSHPOOL & LLANFAIR LIGHT RAILWAY HAS A TRACK GAUGE OF 2FT/6INCHES (762mm),www.modelesavapeur.com/telechargement5/drewry-chattenden-de-waal.pdf,,,,,,,,,,,,,,,,,,,,,Loco,Diesel,Unpowered,"2'6"" 762mm",
04-07-00,BD9104-127, Feb 2018,"AN ELECTRIC MOTORCAR OF 1924 OF THE DUTCH RAILWAYS (BD9104) 5""/127mm GAUGE","THIS ELECTRIC MOTOR CAR DESIGN IS A COMBINATION OF A CARDBOARD KITSET AND DRAWING 20.03.008 AND ACCOMPANIED ARTICLE WHICH WERE PUBLISHED IN THE ""MODELBOUWER"" MAGAZINE.THE DESIGN OF THIS ENGINE WAS BASED ON A SINGLE DRAWING WHICH WAS PUBLISHED IN THE ""MODELBOUWER"" MAGAZINE DATED 15 NOVEMBER 1973 PAGES 301, 302 AND 303 AND A CARDBOARD KIT SET WHICH I BOUGHT FROM ""PAPERTRAINS"" J.VELDMAN HOLLAND. AN ARTICLE OF THIS ENGINE IN CARDBOARD WAS PUBLISHED IN THE ""MODELBOUWER"" NR 1-2003 PAGE 58 SINCE I HAD LIMITED IN FORMATION AND DETAILED PLANS OF THIS ENGINE, SOME OF THE PARTS MAY DIFFER FROM THE ORIGINAL TYPE. SOME OF THE PARTS WHICH WERE SHOWN ON THE ORIGINAL DRAWING ARE NOT SHOWN ON MY DRAWINGS. ALSO I HAVE NOT INCLUDED ANY FASTENERS. I HAVE LEFT IT UP TO THE BUILDER TO CHOOSE THE TYPE OF FASTENERS WHICH ARE SUITABLE FOR THE JOB, ALSO I HAVE NOT SPECIFIED THE MATERIALS TO BE USED. HERE AGAIN I HAVE LEFT IT TO THE BUILDER FOR THE CHOICE OF HIS MATERIALS. THE FOLLOWING PARTS ARE INCOMPLETE DUE TO THE FACT THAT NO CLEAR OR ANY DETAILED PLANS WERE SHOWN; 1) THE ROOF 2) THE PANTOGRAPHES 3) ALL THE DETAILS OF THE EQUIPMENT UNDERNEATH THE BOTTOM PLATE SINCE I DO NOT HAVE ANY ACCESS TO THE ORIGINAL ENGINE I HAD TO GUESS HOW IT MAY HAVE LOOKED LIKE. TO ENHANCE THE LOOKS OF THIS ENGINE THE FOLLOWING CAN BE ADDED: DESTINATION BOARD, IN AND EXIT SIGNS, CLASS SIGN, INTERNAL LIGHTING, HEADLAMP LIGHTING AND TOP RED LIGHTING. THIS ENGINE IS DESIGNED AS A STATIC DISPLAY. IF A BUILDER WISH TO MAKE IT MOBILE THAN MOTORS HAVE TO BE ADDED. ",www.modelesavapeur.com/telechargement5/dutch-motorcar-1924-jdw.pdf,,,AKA: BD9104-127,,,,,,,,,,,,,,,,,,Loco,Electric,Unpowered,"5"" 127mm",
01-04-05-02-00,EL-1100, Oct 2010,MODEL ELECTRIC LOCOMOTIVE OF THE NS SERIES 1100-1150 MODEL SCALE 1:88 RAIL GAUGE 16.5mm PARTS,"THIS MODEL WAS PUBLISHED IN THE ""HOBBY BULLETIN"" OF NOVEMBER 1960",www.modelesavapeur.com/telechargement5/elec-ns1100-ho-2015.pdf,,,AKA: EL-1100,,,,,,,,,,,,,,,,,,Tram,Electric,Unpowered,16.5mm,
01-04-05-03-00,EL-1200-64, Nov 2010,MODEL ELECTRIC LOCOMOTIVE OF THE NS SERIES 1201-1225 MODEL SCALE 1:22.5 RAIL GAUGE 64mm GENERAL ARRANGEMENT,,www.modelesavapeur.com/telechargement5/electric-loco-ns1200-64mm-2015.pdf,,,AKA: EL-1200-64,,,,,,,,,,,,,,,,,,Tram,Electric,Unpowered,"2.5"" 64mm",
LSNS-05,, Feb 2012,LIGHT SIGNAL FOR LGB LAYOUTS,THIS LIGHT SIGNAL WAS DESIGNED AND BUILT BY J.A.M. DE WAAL PAPAKURA NEW ZEALAND FOR HIS LGB LAYOUT AS SHOWN IN THE MODELBOUWER No2 2011,www.modelesavapeur.com/telechargement5/jdw-sheet-05.pdf,,,,,,,,,,,,,,,,,,,,,Signal,Electric,Unpowered,LGB,
04-08-00,, Jul 2018,"A SIMPLE FREELANCE ELECTRIC LOCOMOTIVE CALLED ""BOEMELTJE-1"" FOR 45mm GAUGE","THE ORIGINAL DRAWINGS AND ARTICLE WERE FIRST PUBLISHED IN THE ""MODELBOUWER"" MAGAZINE OF No3 20 MARCH 1952 UNDER THE TITLE ""HET BOEMELTJE. DRAWINGS BY H.F.ENTER",www.modelesavapeur.com/telechargement5/loc-lec-boemeltje-jdw-15-08-2018.pdf,,,,1st of 5 projects in this pdf,,,,,,,,,,,,,,,,,Loco,Electric,Unpowered,45mm,
04-09-00,, Aug 2018,"A SIMPLE FREELANCE ELECTRIC LOCOMOTIVE CALLED ""BOEMELTJE-1A"" FOR 89mm GAUGE","THE ORIGINAL DRAWINGS AND ARTICLE WERE FIRST PUBLISHED IN THE ""MODELBOUWER"" MAGAZINE OF No3 20 MARCH 1952 UNDER THE TITLE ""HET BOEMELTJE"". DRAWINGS BY H.F.ENTER. SOME MODIFICATIONS/ALTERATIONS HAS BEEN MADE BY ME.",www.modelesavapeur.com/telechargement5/loc-lec-boemeltje-jdw-15-08-2018.pdf,,,,2nd of 5 projects in this pdf,,,,,,,,,,,,,,,,,Loco,Electric,Unpowered,"3.5"" 89mm",
06-14-00,, Aug 2018,"A SIMPLE BAGGAGE-MAIL-KITCHEN WAGON CALLED ""BOEMELTJE-2"" FOR 45mm GAUGE","THE ORIGINAL DRAWINGS AND ARTICLE WERE FIRST PUBLISHED IN THE ""MODELBOUWER"" MAGAZINE OF No3 20 MAY 1952 UNDER THE TITLE ""HET BOEMELTJE. DRAWINGS BY H.F.ENTER",www.modelesavapeur.com/telechargement5/loc-lec-boemeltje-jdw-15-08-2018.pdf,,,,3rd of 5 projects in this pdf,,,,,,,,,,,,,,,,,Wagon,Luggage,Unpowered,45mm,
06-15-00,, Aug 2018,"A SIMPLE PASSENGER WAGON CALLED ""BOEMELTJE-3"" FOR 45mm GAUGE","THE ORIGINAL DRAWINGS AND ARTICLE WERE FIRST PUBLISHED IN THE ""MODELBOUWER"" MAGAZINE OF No11 20 NOVEMBER 1952 UNDER THE TITLE ""HET BOEMELTJE"". DRAWINGS BY H.F.ENTER",www.modelesavapeur.com/telechargement5/loc-lec-boemeltje-jdw-15-08-2018.pdf,,,,4th of 5 projects in this pdf,,,,,,,,,,,,,,,,,Wagon,Passenger,Unpowered,45mm,
06-16-00,, Aug 2018,"A SIMPLE PASSENGER WAGON CALLED ""BOEMELTJE-4"" FOR 45mm GAUGE","THE ORIGINAL DRAWINGS AND ARTICLE WERE FIRST PUBLISHED IN THE ""MODELBOUWER"" MAGAZINE OF No11 20 NOVEMBER 1952 UNDER THE TITLE ""HET BOEMELTJE"". DRAWINGS BY H.F.ENTER",www.modelesavapeur.com/telechargement5/loc-lec-boemeltje-jdw-15-08-2018.pdf,,,,5th of 5 projects in this pdf,,,,,,,,,,,,,,,,,Wagon,Passenger,Unpowered,45mm,
SIK-321-CBD,, Apr 2012,"DIESEL ELECTRIC SHUNTING LOCO MOTOR OF THE VELUWSE STOOMTREIN MAATSCHAPPPIJ ""SIK 321""",MODEL SCALE: 1:32 GAUGE 45mm,www.modelesavapeur.com/telechargement5/locomotor-ns-sik-321-45mm-2015.pdf,,,,,,,,,,,,,,,,,,,,,Loco,Diesel,Unpowered,45mm,
20.02.013,, Jan 2012,LOCO MOTOR OF THE SERIES 201-212 (SIK) A SHUNTING ENGINE OF THE DUTCH RAILWAYS,THIS SET OF 13xA3 DRAWINGS ARE BASED ON A DRAWING SET OF THE NVM No:20.02.010 SHEETS 1 TO 11 CONSISTING OF 7xA1 & 4xA2 SHEETS,www.modelesavapeur.com/telechargement5/locomotor-ns-sik-202-212-184mm-2015.pdf,,,,,,,,,,,,,,,,,,,,,Loco,Diesel,Unpowered,"7.25"" 184mm",
2030,, Oct 2006,"NARROW GAUGE ELECTRIC LOCO OF THE MIX NITZ-ST. ERHARD LOCAL RAILWAY SCALE 1:5.6 TRACK GAUGE 180mm (7"")",,www.modelesavapeur.com/telechargement5/mixnitz-st-herard-attention-voie-de-180mm-2015.pdf,,,,,,,,,,,,,,,,,,,,,Loco,Electric,Unpowered,"7"" 180mm",
04-01-02,LGB-2030, Oct 2017,"NG ELECTRIC LOCO OF THE MIX NITZ-ST. ERHARD LOCAL RAILWAY (GAUGE 184mm (7.25""))",,www.modelesavapeur.com/telechargement5/ng-electri-api.pdf,,,AKA: LGB-2030,,,,,,,,,,,,,,,,,,Loco,Electric,Unpowered,"7.25"" 184mm",
20-03-120,,,,,www.modelesavapeur.com/telechargement5/ns-601-637-de-1938-184mm-2015.pdf,,,,,,,,,,,,,,,,,,,,,,,,,
2200-184,,,,,www.modelesavapeur.com/telechargement5/ns-2200-184mm-2015.pdf,,,,,,,,,,,,,,,,,,,,,,,,,
01-04-04-04-02,SIK307-254,,,,www.modelesavapeur.com/telechargement5/ns-sik307-260mm-2015.pdf,,,,,,,,,,,,,,,,,,,,,,,,,
20-03-050,,,,,www.modelesavapeur.com/telechargement5/ns-tee-64mm-2015.pdf,,,,,,,,,,,,,,,,,,,,,,,,,
01-04-01-03-03,,,,,www.modelesavapeur.com/telechargement5/pantographe-locop-po-midi.pdf,,,,,,,,,,,,,,,,,,,,,,,,,
01-04-01-03-01,1100PG,,,,www.modelesavapeur.com/telechargement5/pantographe-motrice-bobo-ns-1100-32mm-2015.pdf,,,,,,,,,,,,,,,,,,,,,,,,,
01-04-01-03-02,NZHPG,,,,www.modelesavapeur.com/telechargement5/pantographe-tram-lec-nzh-32mm-2015.pdf,,,,,,,,,,,,,,,,,,,,,,,,,
LGBLYT,,,,,www.modelesavapeur.com/telechargement5/plan-r-seau-45mm.pdf,,,,,,,,,,,,,,,,,,,,,,,,,
LSNS-04,,,,,www.modelesavapeur.com/telechargement5/semaphore-ns-g.-stermann-64mm-2015.pdf,,,,,,,,,,,,,,,,,,,,,,,,,
SSNS-01,,,,,www.modelesavapeur.com/telechargement5/semaphore-ns-j.b.-vellekoop-64mm-2015.pdf,,,,,,,,,,,,,,,,,,,,,,,,,
LSNS-01,,,,,www.modelesavapeur.com/telechargement5/semaphore-ns-j.b-vellekoop-64mm-2015.pdf,,,,,,,,,,,,,,,,,,,,,,,,,
01-04-4-01-00,6020,,,,www.modelesavapeur.com/telechargement5/shoema-shunter-184mm-2015.pdf,,,,,,,,,,,,,,,,,,,,,,,,,
BDHNGS,,,,,www.modelesavapeur.com/telechargement5/shunter-bdz-45mm-2015.pdf,,,,,,,,,,,,,,,,,,,,,,,,,
01-04-04-02-00,2090,,,,www.modelesavapeur.com/telechargement5/shunter-kof-184mm-2015.pdf,,,,,,,,,,,,,,,,,,,,,,,,,
01-04-10-09-00,FSM-32,,,,www.modelesavapeur.com/telechargement5/vapeur-flying-scotman-32mm-2015.pdf,,,,,,,,,,,,,,,,,,,,,,,,,
01-04-10-08-00,NS3737-16.5,,,,www.modelesavapeur.com/telechargement5/vap-nd3737-ho-2015.pdf,,,,,,,,,,,,,,,,,,,,,,,,,
01-28-00,, May 2018,A TWIN CYLINDER STEAM DRIVEN WATER FEED PUMP,DESIGNED BY J.A.M. DE WAAL,www.modelesavapeur.com/telechargemennts/steam-pump.pdf,,,,,,,,,,,,,,,,Steam,,,,,,,,,
01-40-00,, Aug 2020,2 CYLINDER STEAM ENGINE DRIVING A DUPLEX PUMP SYSTEM,THE ORIGINAL DRAWINGS WERE GIVEN TO ME. THE ORIGINAL DRAWINGS WERE DRAWN/DESIGNED BY W. C. SHIELDS AND DATED 2008. THESE DRAWINGS ARE 1.5 TIMES LARGER THEN THE ORIGINALS AND CORRECTIONS AND SOME ALTERATIONS HAVE BEEN INCORPORATED.,www.modelesavapeur.com/telechargemens7j/2-cylinder-steam-engine-driving-a-duplex-pump-system.pdf,,,,,,,,,,,,,,,,Steam,,,,,,,,,
01-39-00,, Aug 2020,A SIMPLE 2 CYLINDER STEAM ENGINE DRIVING A DUPLEX PUMP,THE ORIGINAL DRAWINGS WERE GIVEN TO ME. THE ORIGINAL DESIGN/DRAWINGS WERE BY JEFFREY C. MAIER. DATE AND MAGAZINE ARE UNKOWN. MY DESIGN IS 1.5 TIMES LARGER THAN THE ORIGINAL. SOME CORRECTIONS/ALTERATIONS ARE INCORPORATED.,www.modelesavapeur.com/telechargemens7j/a-simple-2-cylinder-steam-engine-driving-a-duplex-pump.pdf,,,,,,,,,,,,,,,,Steam,,,,,,,,,
09E-64-00,, Dec 2024,STEAM PUMP BY EDGAR E. MILLER DATED 1880. (BORE=30mm STROKE=28mm),"I FOUND AND DOWNLOADED THE ORIGINAL LITHOGRAPH FROM THE INTERNET. INFORMATION ON THE ORIGINAL DRAWING: STEAM PUMP, E. E. MILLER, Nzo. 234,601, PATENTED NOV. 16, 1880.",www.modelesavapeur.com/telechargements0/09e-64.pdf,,,,,,,,,,,,,,,,Steam,,,,,,,,,
01-59-00,, Jun 2024,A MECHANICAL LUBRICATOR FOR 5inch (127mm) GAUGE LOCOMOTIVES,"ORIGINAL DRAWINGS WERE GIVEN TO ME. DESIGN WAS BY MARTIN EVANS AND WAS PUBLISHED IN ""MODEL ENGINEER"" MAGAZINE UNDER THE TITLE: ""OIL FOR ROB ROY""",www.modelesavapeur.com/telechargements0/a-mechanical-lubrificator.pdf,,1,,,,,,,,,,,,,,,,,,,,,,,Mechanical Lubricator
09D-21-00,, Jan 2021,ANIMATED STEAM ENGINE USING THE SLIDE VALVE AS REVERSER,,www.modelesavapeur.com/telechargemens7j/animated-steam-engine-using-the-slide-valve-as-a-reverser.pdf,https://www.youtube.com/watch?v=ZHbmUPIWkcY,1,,,,,,,,,,,,,,,,,,,,,,,
01-41-00,, Aug 2020,A SIMPLE OIL PUMPJACK FOR BEGINNERS,"THE ORIGINAL DRAWINGS WERE GIVEN TO ME. THE ORIGINAL DRAWINGS/DESIGN WERE BY BRIAN RUPNOW, THE DRAWINGS WERE DATED 04-05-2010. THE DESIGN ON THESE DRAWINGS IS TWICE THE ORIGINAL",www.modelesavapeur.com/telechargemens7j/a-simple-oil-pump-jack-for-beginners.pdf,,,,Baby's First Oil Field!,,,,,,,,,,,,,,,,,,,,,
01-43-00,, Feb 2021,A SIMPLE ORRERY.,THE ORIGINAL DRAWINGS WERE GIVEN TO ME. THE AUTHOR AND DRAFTER AND DATE ARE UNKNON,www.modelesavapeur.com/telechargemens7j/a-simple-orrery.pdf,,,,,,,,,,,,,,,,,,,,,,,,,
01-29-00,, May 2018,A SIMPLE SMALL METALWORKING SHAPER,FOUND THE ORIGINAL DRAWINGS ON THE INTERNET. THE ORIGINAL DESIGN IS BY BARRY MIDGRLEY OF AUSTRALIA AND DRAFTING WORK BY BRIAN RUPNO OF CANADA. MY DESIGN IS TWICE THE SIZE THAN THE ORIGINAL.,www.modelesavapeur.com/telechargemens7j/etau-limeur-jdw.pdf,,,,,,,,,,,,,,,,,,,,,,,,,
01-35-00,, Jan 2022,IRON-GIANT,THIS DESIGN IS BASED ON A SINGLE 3D MODEL WHICH WAS SEND TO ME TO BE BROKEN DOWN IN ITS INDIVIDUAL PARTS,www.modelesavapeur.com/telechargement5/iron-giant.pdf,,,,,,,,,,,,,,,,,,,,,,,,,
DOCUMENT1,,,How to make a model railway,,www.modelesavapeur.com/telechargement5/r-seau-h0.pdf,,,,,,,,,,,,,,,,,,,,,,,,,
DOCUMENT2,,,Here are some details to help you Create Your Own Designs,,www.modelesavapeur.com/telechargement7/shopwisdomrevnov07.pdf,,,,Doesn't have a ,,,,,,,,,,,,,,,,,,,,,
09A-62-00,,,,,www.modelesavapeur.com/telechargements1/09a-62.pdf,,,,,,,,,,,,,,,,,,,,,,,,,
09B-46-00,,,,,www.modelesavapeur.com/telechargements1/09b-46.pdf,,,,,,,,,,,,,,,,,,,,,,,,,
09B-47-00,,,,,www.modelesavapeur.com/telechargements1/09b-47.pdf,,,,,,,,,,,,,,,,,,,,,,,,,
09B-49-00,,,,,www.modelesavapeur.com/telechargements1/09b-49-00.pdf,,,,,,,,,,,,,,,,,,,,,,,,,
09C-65-00,,,,,www.modelesavapeur.com/telechargements1/09c-65.pdf,,,,,,,,,,,,,,,,,,,,,,,,,
09C-66-00,,,,,www.modelesavapeur.com/telechargements1/09c-66.pdf,,,,,,,,,,,,,,,,,,,,,,,,,
09C-67-00,,,,,www.modelesavapeur.com/telechargements1/09c-67.pdf,,,,,,,,,,,,,,,,,,,,,,,,,
09C-68-00,,,,,www.modelesavapeur.com/telechargements1/09c-68.pdf,,,,,,,,,,,,,,,,,,,,,,,,,
09C-69-00,,,,,www.modelesavapeur.com/telechargements1/09c-69.pdf,,,,,,,,,,,,,,,,,,,,,,,,,
09C-70-00,,,,,www.modelesavapeur.com/telechargements1/09c-70-00.pdf,,,,,,,,,,,,,,,,,,,,,,,,,
09D-33-00,,,,,www.modelesavapeur.com/telechargements1/09d-33.pdf,,,,,,,,,,,,,,,,,,,,,,,,,
09D-31-00,,,,,www.modelesavapeur.com/telechargements1/09d-31.pdf,,,,,,,,,,,,,,,,,,,,,,,,,
09D-32-00,,,,,www.modelesavapeur.com/telechargements1/09d-32.pdf,,,,,,,,,,,,,,,,,,,,,,,,,
09E-65-00,,,,,www.modelesavapeur.com/telechargements1/09e-65.pdf,,,,,,,,,,,,,,,,,,,,,,,,,
09E-66-00,,,,,www.modelesavapeur.com/telechargements1/09e-66-00.pdf,,,,,,,,,,,,,,,,,,,,,,,,,
09E-66-01,,,,,www.modelesavapeur.com/telechargements1/09e-66-01.pdf,,,,,,,,,,,,,,,,,,,,,,,,,
09E-67-00,,,,,www.modelesavapeur.com/telechargements1/09e-67.pdf,,,,,,,,,,,,,,,,,,,,,,,,,
09E-68-00,,,,,www.modelesavapeur.com/telechargements1/09e-68-00.pdf,,,,,,,,,,,,,,,,,,,,,,,,,
09E-69-00,,,,,www.modelesavapeur.com/telechargements1/09e-69-00.pdf,,,,,,,,,,,,,,,,,,,,,,,,,
09E-70-00,,,,,www.modelesavapeur.com/telechargements1/09e-70-00.pdf,,,,,,,,,,,,,,,,,,,,,,,,,
09E-71-01,,,,,www.modelesavapeur.com/telechargements1/09e-71-01.pdf,,,,,,,,,,,,,,,,,,,,,,,,,
09E-72-00,,,,,www.modelesavapeur.com/telechargements1/09e-72-00.pdf,,,,,,,,,,,,,,,,,,,,,,,,,
09E-71-00,,,,,www.modelesavapeur.com/telechargements1/09e-71-00.pdf,,,,Has a correction sheet (was a separate doc (www.modelesavapeur.com/telechargements1/09e-71-00-correction.pdf) so I joined them),,,,,,,,,,,,,,,,,,,,,
09F-03-00,,,,,www.modelesavapeur.com/telechargements1/09f-03-00-bis.pdf,,,,,,,,,,,,,,,,,,,,,,,,,
09F-03-01,,,,,www.modelesavapeur.com/telechargements1/09f-03-01.pdf,,,,,,,,,,,,,,,,,,,,,,,,,